-- MySQL dump 10.13  Distrib 5.7.17, for macos10.12 (x86_64)
--
-- Host: localhost    Database: udhaarify_web
-- ------------------------------------------------------
-- Server version	5.7.17

/*!40101 SET @OLD_CHARACTER_SET_CLIENT=@@CHARACTER_SET_CLIENT */;
/*!40101 SET @OLD_CHARACTER_SET_RESULTS=@@CHARACTER_SET_RESULTS */;
/*!40101 SET @OLD_COLLATION_CONNECTION=@@COLLATION_CONNECTION */;
/*!40101 SET NAMES utf8 */;
/*!40103 SET @OLD_TIME_ZONE=@@TIME_ZONE */;
/*!40103 SET TIME_ZONE='+00:00' */;
/*!40014 SET @OLD_UNIQUE_CHECKS=@@UNIQUE_CHECKS, UNIQUE_CHECKS=0 */;
/*!40014 SET @OLD_FOREIGN_KEY_CHECKS=@@FOREIGN_KEY_CHECKS, FOREIGN_KEY_CHECKS=0 */;
/*!40101 SET @OLD_SQL_MODE=@@SQL_MODE, SQL_MODE='NO_AUTO_VALUE_ON_ZERO' */;
/*!40111 SET @OLD_SQL_NOTES=@@SQL_NOTES, SQL_NOTES=0 */;

--
-- Table structure for table `bill_details`
--

DROP TABLE IF EXISTS `bill_details`;
/*!40101 SET @saved_cs_client     = @@character_set_client */;
/*!40101 SET character_set_client = utf8 */;
CREATE TABLE `bill_details` (
  `bill_id` int(11) NOT NULL AUTO_INCREMENT,
  `bill_amount` int(11) NOT NULL,
  `description` varchar(160) DEFAULT NULL,
  `notes` text,
  `date` date NOT NULL,
  PRIMARY KEY (`bill_id`)
) ENGINE=InnoDB AUTO_INCREMENT=132 DEFAULT CHARSET=latin1;
/*!40101 SET character_set_client = @saved_cs_client */;

--
-- Dumping data for table `bill_details`
--

LOCK TABLES `bill_details` WRITE;
/*!40000 ALTER TABLE `bill_details` DISABLE KEYS */;
INSERT INTO `bill_details` VALUES (106,600,'test-final','','2017-02-03'),(107,600,'Test101','','2017-02-02'),(108,600,'peq1','','2017-10-27'),(109,600,'','','2017-10-27'),(110,600,'','','2017-10-27'),(111,600,'','','2017-10-27'),(112,600,'','','2017-10-27'),(113,600,'','','2017-10-27'),(114,600,'','','2017-10-27'),(115,600,'final','','2017-10-27'),(116,600,'final2','','2017-10-27'),(117,200,'infinite_test','','2017-10-29'),(118,200,'if_test2','','2017-10-29'),(119,600,'','','2017-10-29'),(120,799,'test','test','2017-02-02'),(121,200,'test','','2017-10-30'),(122,600,'test','','2017-10-30'),(123,500,'testraghu','','2017-10-30'),(124,600,'Dinner at dollops','after project','2017-02-02'),(125,600,'dinner at dollops','dinnertime','2017-02-02'),(126,600,'dinner at dollops','dinnertime','2017-02-02'),(127,600,'dinner at dollops','dinnertime','2017-02-02'),(128,600,'dinner at dollops','dinnertime','2017-02-02'),(129,600,'dinner at dollops','dinnertime','2017-02-02'),(130,600,'dinner at dollops','dinnertime','2017-02-02'),(131,600,'test2','','2017-10-30');
/*!40000 ALTER TABLE `bill_details` ENABLE KEYS */;
UNLOCK TABLES;

--
-- Table structure for table `bill_payers`
--

DROP TABLE IF EXISTS `bill_payers`;
/*!40101 SET @saved_cs_client     = @@character_set_client */;
/*!40101 SET character_set_client = utf8 */;
CREATE TABLE `bill_payers` (
  `bill_id` int(11) NOT NULL,
  `bill_payer` varchar(30) DEFAULT NULL,
  `amount` int(11) DEFAULT NULL
) ENGINE=InnoDB DEFAULT CHARSET=latin1;
/*!40101 SET character_set_client = @saved_cs_client */;

--
-- Dumping data for table `bill_payers`
--

LOCK TABLES `bill_payers` WRITE;
/*!40000 ALTER TABLE `bill_payers` DISABLE KEYS */;
INSERT INTO `bill_payers` VALUES (106,'ayushman',100),(107,'raghu',200),(113,'raghu',100),(113,'ayushman',100),(114,'raghu',100),(114,'ayushman',100),(115,'raghu',100),(115,'raghu',100),(116,'ayushman',100),(116,'raghu',100),(117,'raghu',33),(117,'raghu',33),(118,'ayushman',33),(118,'raghu',33),(119,'ayushman',300),(120,'ayushman',133),(120,'raghu',133),(121,'raghu',100),(122,'ayushman',100),(122,'raghu',100),(123,'raghu',167),(123,'raghu',0),(123,'raghu',0),(123,'raghu',0),(123,'raghu',0),(123,'raghu',0),(123,'raghu',0),(123,'raghu',0),(123,'raghu',0),(123,'raghu',0),(123,'raghu',0),(123,'raghu',0),(123,'raghu',0),(123,'raghu',0),(123,'raghu',0),(123,'raghu',0),(123,'raghu',0),(123,'raghu',0),(123,'raghu',0),(123,'raghu',0),(123,'raghu',0),(123,'raghu',0),(123,'raghu',0),(123,'raghu',0),(123,'raghu',0),(123,'raghu',0),(123,'raghu',0),(123,'raghu',0),(123,'raghu',0),(123,'raghu',0),(123,'raghu',0),(123,'raghu',0),(123,'raghu',0),(123,'raghu',0),(123,'raghu',0),(123,'raghu',0),(123,'raghu',0),(123,'raghu',0),(123,'raghu',0),(123,'raghu',0),(123,'raghu',0),(123,'raghu',0),(123,'raghu',0),(123,'raghu',0),(123,'raghu',0),(123,'raghu',0),(123,'raghu',0),(123,'raghu',0),(123,'raghu',0),(123,'raghu',0),(123,'raghu',0),(123,'raghu',0),(123,'raghu',0),(123,'raghu',0),(123,'raghu',0),(123,'raghu',0),(123,'raghu',0),(123,'raghu',0),(123,'raghu',0),(123,'raghu',0),(123,'raghu',0),(123,'raghu',0),(123,'raghu',0),(123,'raghu',0),(123,'raghu',0),(123,'raghu',0),(123,'raghu',0),(123,'raghu',0),(123,'raghu',0),(123,'raghu',0),(123,'raghu',0),(123,'raghu',0),(123,'raghu',0),(123,'raghu',0),(123,'raghu',0),(123,'raghu',0),(123,'raghu',0),(123,'raghu',0),(123,'raghu',0),(123,'raghu',0),(123,'raghu',0),(123,'raghu',0),(123,'raghu',0),(123,'raghu',0),(123,'raghu',0),(123,'raghu',0),(123,'raghu',0),(123,'raghu',0),(123,'raghu',0),(123,'raghu',0),(123,'raghu',0),(123,'raghu',0),(123,'raghu',0),(123,'raghu',0),(123,'raghu',0),(123,'raghu',0),(123,'raghu',0),(123,'raghu',0),(123,'raghu',0),(123,'raghu',0),(123,'raghu',0),(123,'raghu',0),(123,'raghu',0),(123,'raghu',0),(123,'raghu',0),(123,'raghu',0),(123,'raghu',0),(123,'raghu',0),(123,'raghu',0),(123,'raghu',0),(123,'raghu',0),(123,'raghu',0),(123,'raghu',0),(123,'raghu',0),(123,'raghu',0),(123,'raghu',0),(123,'raghu',0),(123,'raghu',0),(123,'raghu',0),(123,'raghu',0),(123,'raghu',0),(123,'raghu',0),(123,'raghu',0),(123,'raghu',0),(123,'raghu',0),(123,'raghu',0),(123,'raghu',0),(123,'raghu',0),(123,'raghu',0),(123,'raghu',0),(123,'raghu',0),(123,'raghu',0),(123,'raghu',0),(123,'raghu',0),(123,'raghu',0),(123,'raghu',0),(123,'raghu',0),(123,'raghu',0),(123,'raghu',0),(123,'raghu',0),(123,'raghu',0),(123,'raghu',0),(123,'raghu',0),(123,'raghu',0),(123,'raghu',0),(123,'raghu',0),(123,'raghu',0),(123,'raghu',0),(123,'raghu',0),(123,'raghu',0),(123,'raghu',0),(123,'raghu',0),(123,'raghu',0),(123,'raghu',0),(123,'raghu',0),(123,'raghu',0),(123,'raghu',0),(123,'raghu',0),(123,'raghu',0),(123,'raghu',0),(123,'raghu',0),(123,'raghu',0),(123,'raghu',0),(123,'raghu',0),(123,'raghu',0),(123,'raghu',0),(123,'raghu',0),(123,'raghu',0),(123,'raghu',0),(123,'raghu',0),(123,'raghu',0),(123,'raghu',0),(123,'raghu',0),(123,'raghu',0),(123,'raghu',0),(123,'raghu',0),(123,'raghu',0),(123,'raghu',0),(123,'raghu',0),(123,'raghu',0),(123,'raghu',0),(123,'raghu',0),(123,'raghu',0),(123,'raghu',0),(123,'raghu',0),(123,'raghu',0),(123,'raghu',0),(123,'raghu',0),(123,'raghu',0),(123,'raghu',0),(123,'raghu',0),(123,'raghu',0),(123,'raghu',0),(123,'raghu',0),(123,'raghu',0),(123,'raghu',0),(123,'raghu',0),(123,'raghu',0),(123,'raghu',0),(123,'raghu',0),(123,'raghu',0),(123,'raghu',0),(123,'raghu',0),(123,'raghu',0),(123,'raghu',0),(123,'raghu',0),(123,'raghu',0),(123,'raghu',0),(123,'raghu',0),(123,'raghu',0),(123,'raghu',0),(123,'raghu',0),(123,'raghu',0),(123,'raghu',0),(123,'raghu',0),(123,'raghu',0),(123,'raghu',0),(123,'raghu',0),(123,'raghu',0),(123,'raghu',0),(123,'raghu',0),(123,'raghu',0),(123,'raghu',0),(123,'raghu',0),(123,'raghu',0),(123,'raghu',0),(123,'raghu',0),(123,'raghu',0),(123,'raghu',0),(123,'raghu',0),(123,'raghu',0),(123,'raghu',0),(123,'raghu',0),(123,'raghu',0),(123,'raghu',0),(123,'raghu',0),(123,'raghu',0),(123,'raghu',0),(123,'raghu',0),(123,'raghu',0),(123,'raghu',0),(123,'raghu',0),(123,'raghu',0),(123,'raghu',0),(123,'raghu',0),(123,'raghu',0),(123,'raghu',0),(123,'raghu',0),(123,'raghu',0),(123,'raghu',0),(123,'raghu',0),(123,'raghu',0),(123,'raghu',0),(123,'raghu',0),(123,'raghu',0),(123,'raghu',0),(123,'raghu',0),(123,'raghu',0),(123,'raghu',0),(123,'raghu',0),(123,'raghu',0),(123,'raghu',0),(123,'raghu',0),(123,'raghu',0),(123,'raghu',0),(123,'raghu',0),(123,'raghu',0),(123,'raghu',0),(123,'raghu',0),(123,'raghu',0),(123,'raghu',0),(123,'raghu',0),(123,'raghu',0),(123,'raghu',0),(123,'raghu',0),(123,'raghu',0),(123,'raghu',0),(123,'raghu',0),(123,'raghu',0),(123,'raghu',0),(123,'raghu',0),(123,'raghu',0),(123,'raghu',0),(123,'raghu',0),(123,'raghu',0),(123,'raghu',0),(123,'raghu',0),(123,'raghu',0),(123,'raghu',0),(123,'raghu',0),(123,'raghu',0),(123,'raghu',0),(123,'raghu',0),(123,'raghu',0),(123,'raghu',0),(123,'raghu',0),(123,'raghu',0),(123,'raghu',0),(123,'raghu',0),(123,'raghu',0),(123,'raghu',0),(123,'raghu',0),(123,'raghu',0),(123,'raghu',0),(123,'raghu',0),(123,'raghu',0),(123,'raghu',0),(123,'raghu',0),(123,'raghu',0),(123,'raghu',0),(123,'raghu',0),(123,'raghu',0),(123,'raghu',0),(123,'raghu',0),(123,'raghu',0),(123,'raghu',0),(123,'raghu',0),(123,'raghu',0),(123,'raghu',0),(123,'raghu',0),(123,'raghu',0),(123,'raghu',0),(123,'raghu',0),(123,'raghu',0),(123,'raghu',0),(123,'raghu',0),(123,'raghu',0),(123,'raghu',0),(123,'raghu',0),(123,'raghu',0),(123,'raghu',0),(123,'raghu',0),(123,'raghu',0),(123,'raghu',0),(123,'raghu',0),(123,'raghu',0),(123,'raghu',0),(123,'raghu',0),(123,'raghu',0),(123,'raghu',0),(123,'raghu',0),(123,'raghu',0),(123,'raghu',0),(123,'raghu',0),(123,'raghu',0),(123,'raghu',0),(123,'raghu',0),(123,'raghu',0),(123,'raghu',0),(123,'raghu',0),(123,'raghu',0),(123,'raghu',0),(123,'raghu',0),(123,'raghu',0),(123,'raghu',0),(123,'raghu',0),(123,'raghu',0),(123,'raghu',0),(123,'raghu',0),(123,'raghu',0),(123,'raghu',0),(123,'raghu',0),(123,'raghu',0),(123,'raghu',0),(123,'raghu',0),(123,'raghu',0),(123,'raghu',0),(123,'raghu',0),(123,'raghu',0),(123,'raghu',0),(123,'raghu',0),(123,'raghu',0),(123,'raghu',0),(123,'raghu',0),(123,'raghu',0),(123,'raghu',0),(123,'raghu',0),(123,'raghu',0),(123,'raghu',0),(123,'raghu',0),(123,'raghu',0),(123,'raghu',0),(123,'raghu',0),(123,'raghu',0),(123,'raghu',0),(123,'raghu',0),(123,'raghu',0),(123,'raghu',0),(123,'raghu',0),(123,'raghu',0),(123,'raghu',0),(123,'raghu',0),(123,'raghu',0),(123,'raghu',0),(123,'raghu',0),(123,'raghu',0),(123,'raghu',0),(123,'raghu',0),(123,'raghu',0),(123,'raghu',0),(123,'raghu',0),(123,'raghu',0),(123,'raghu',0),(123,'raghu',0),(123,'raghu',0),(123,'raghu',0),(123,'raghu',0),(123,'raghu',0),(123,'raghu',0),(123,'raghu',0),(123,'raghu',0),(123,'raghu',0),(123,'raghu',0),(123,'raghu',0),(123,'raghu',0),(123,'raghu',0),(123,'raghu',0),(123,'raghu',0),(123,'raghu',0),(123,'raghu',0),(123,'raghu',0),(123,'raghu',0),(123,'raghu',0),(123,'raghu',0),(123,'raghu',0),(123,'raghu',0),(123,'raghu',0),(123,'raghu',0),(123,'raghu',0),(123,'raghu',0),(123,'raghu',0),(123,'raghu',0),(123,'raghu',0),(123,'raghu',0),(123,'raghu',0),(123,'raghu',0),(123,'raghu',0),(123,'raghu',0),(123,'raghu',0),(123,'raghu',0),(123,'raghu',0),(123,'raghu',0),(123,'raghu',0),(123,'raghu',0),(123,'raghu',0),(123,'raghu',0),(123,'raghu',0),(123,'raghu',0),(123,'raghu',0),(123,'raghu',0),(123,'raghu',0),(123,'raghu',0),(123,'raghu',0),(123,'raghu',0),(123,'raghu',0),(123,'raghu',0),(123,'raghu',0),(123,'raghu',0),(123,'raghu',0),(123,'raghu',0),(123,'raghu',0),(123,'raghu',0),(123,'raghu',0),(123,'raghu',0),(123,'raghu',0),(123,'raghu',0),(123,'raghu',0),(123,'raghu',0),(123,'raghu',0),(123,'raghu',0),(123,'raghu',0),(123,'raghu',0),(123,'raghu',0),(123,'raghu',0),(123,'raghu',0),(123,'raghu',0),(123,'raghu',0),(123,'raghu',0),(123,'raghu',0),(123,'raghu',0),(123,'raghu',0),(123,'raghu',0),(123,'raghu',0),(123,'raghu',0),(123,'raghu',0),(123,'raghu',0),(123,'raghu',0),(123,'raghu',0),(123,'raghu',0),(123,'raghu',0),(123,'raghu',0),(123,'raghu',0),(123,'raghu',0),(123,'raghu',0),(123,'raghu',0),(123,'raghu',0),(123,'raghu',0),(123,'raghu',0),(123,'raghu',0),(123,'raghu',0),(123,'raghu',0),(123,'raghu',0),(123,'raghu',0),(123,'raghu',0),(123,'raghu',0),(123,'raghu',0),(123,'raghu',0),(123,'raghu',0),(123,'raghu',0),(123,'raghu',0),(123,'raghu',0),(123,'raghu',0),(123,'raghu',0),(123,'raghu',0),(123,'raghu',0),(123,'raghu',0),(123,'raghu',0),(123,'raghu',0),(123,'raghu',0),(123,'raghu',0),(123,'raghu',0),(123,'raghu',0),(123,'raghu',0),(123,'raghu',0),(123,'raghu',0),(123,'raghu',0),(123,'raghu',0),(123,'raghu',0),(123,'raghu',0),(123,'raghu',0),(123,'raghu',0),(123,'raghu',0),(123,'raghu',0),(123,'raghu',0),(123,'raghu',0),(123,'raghu',0),(123,'raghu',0),(123,'raghu',0),(123,'raghu',0),(123,'raghu',0),(123,'raghu',0),(123,'raghu',0),(123,'raghu',0),(123,'raghu',0),(123,'raghu',0),(123,'raghu',0),(123,'raghu',0),(123,'raghu',0),(123,'raghu',0),(123,'raghu',0),(123,'raghu',0),(123,'raghu',0),(123,'raghu',0),(123,'raghu',0),(123,'raghu',0),(123,'raghu',0),(123,'raghu',0),(123,'raghu',0),(123,'raghu',0),(123,'raghu',0),(123,'raghu',0),(123,'raghu',0),(123,'raghu',0),(123,'raghu',0),(123,'raghu',0),(123,'raghu',0),(123,'raghu',0),(123,'raghu',0),(123,'raghu',0),(123,'raghu',0),(123,'raghu',0),(123,'raghu',0),(123,'raghu',0),(123,'raghu',0),(123,'raghu',0),(123,'raghu',0),(123,'raghu',0),(123,'raghu',0),(123,'raghu',0),(123,'raghu',0),(123,'raghu',0),(123,'raghu',0),(123,'raghu',0),(123,'raghu',0),(123,'raghu',0),(123,'raghu',0),(123,'raghu',0),(123,'raghu',0),(123,'raghu',0),(123,'raghu',0),(123,'raghu',0),(123,'raghu',0),(123,'raghu',0),(123,'raghu',0),(123,'raghu',0),(123,'raghu',0),(123,'raghu',0),(123,'raghu',0),(123,'raghu',0),(123,'raghu',0),(123,'raghu',0),(123,'raghu',0),(123,'raghu',0),(123,'raghu',0),(123,'raghu',0),(123,'raghu',0),(123,'raghu',0),(123,'raghu',0),(123,'raghu',0),(123,'raghu',0),(123,'raghu',0),(123,'raghu',0),(123,'raghu',0),(123,'raghu',0),(123,'raghu',0),(123,'raghu',0),(123,'raghu',0),(123,'raghu',0),(123,'raghu',0),(123,'raghu',0),(123,'raghu',0),(123,'raghu',0),(123,'raghu',0),(123,'raghu',0),(123,'raghu',0),(123,'raghu',0),(123,'raghu',0),(123,'raghu',0),(123,'raghu',0),(123,'raghu',0),(123,'raghu',0),(123,'raghu',0),(123,'raghu',0),(123,'raghu',0),(123,'raghu',0),(123,'raghu',0),(123,'raghu',0),(123,'raghu',0),(123,'raghu',0),(123,'raghu',0),(123,'raghu',0),(123,'raghu',0),(123,'raghu',0),(123,'raghu',0),(123,'raghu',0),(123,'raghu',0),(123,'raghu',0),(123,'raghu',0),(123,'raghu',0),(123,'raghu',0),(123,'raghu',0),(123,'raghu',0),(123,'raghu',0),(123,'raghu',0),(123,'raghu',0),(123,'raghu',0),(123,'raghu',0),(123,'raghu',0),(123,'raghu',0),(123,'raghu',0),(123,'raghu',0),(123,'raghu',0),(123,'raghu',0),(123,'raghu',0),(123,'raghu',0),(123,'raghu',0),(123,'raghu',0),(123,'raghu',0),(123,'raghu',0),(123,'raghu',0),(123,'raghu',0),(123,'raghu',0),(123,'raghu',0),(123,'raghu',0),(123,'raghu',0),(123,'raghu',0),(123,'raghu',0),(123,'raghu',0),(123,'raghu',0),(123,'raghu',0),(123,'raghu',0),(123,'raghu',0),(123,'raghu',0),(123,'raghu',0),(123,'raghu',0),(123,'raghu',0),(123,'raghu',0),(123,'raghu',0),(123,'raghu',0),(123,'raghu',0),(123,'raghu',0),(123,'raghu',0),(123,'raghu',0),(123,'raghu',0),(123,'raghu',0),(123,'raghu',0),(123,'raghu',0),(123,'raghu',0),(123,'raghu',0),(123,'raghu',0),(123,'raghu',0),(123,'raghu',0),(123,'raghu',0),(123,'raghu',0),(123,'raghu',0),(123,'raghu',0),(123,'raghu',0),(123,'raghu',0),(123,'raghu',0),(123,'raghu',0),(123,'raghu',0),(123,'raghu',0),(123,'raghu',0),(123,'raghu',0),(123,'raghu',0),(123,'raghu',0),(123,'raghu',0),(123,'raghu',0),(123,'raghu',0),(123,'raghu',0),(123,'raghu',0),(123,'raghu',0),(123,'raghu',0),(123,'raghu',0),(123,'raghu',0),(123,'raghu',0),(123,'raghu',0),(123,'raghu',0),(123,'raghu',0),(123,'raghu',0),(123,'raghu',0),(123,'raghu',0),(123,'raghu',0),(123,'raghu',0),(123,'raghu',0),(123,'raghu',0),(123,'raghu',0),(123,'raghu',0),(123,'raghu',0),(123,'raghu',0),(123,'raghu',0),(123,'raghu',0),(123,'raghu',0),(123,'raghu',0),(123,'raghu',0),(123,'raghu',0),(123,'raghu',0),(123,'raghu',0),(123,'raghu',0),(123,'raghu',0),(123,'raghu',0),(123,'raghu',0),(123,'raghu',0),(123,'raghu',0),(123,'raghu',0),(123,'raghu',0),(123,'raghu',0),(123,'raghu',0),(123,'raghu',0),(123,'raghu',0),(123,'raghu',0),(123,'raghu',0),(123,'raghu',0),(123,'raghu',0),(123,'raghu',0),(123,'raghu',0),(123,'raghu',0),(123,'raghu',0),(123,'raghu',0),(123,'raghu',0),(123,'raghu',0),(123,'raghu',0),(123,'raghu',0),(123,'raghu',0),(123,'raghu',0),(123,'raghu',0),(123,'raghu',0),(123,'raghu',0),(123,'raghu',0),(123,'raghu',0),(123,'raghu',0),(123,'raghu',0),(123,'raghu',0),(123,'raghu',0),(123,'raghu',0),(123,'raghu',0),(123,'raghu',0),(123,'raghu',0),(123,'raghu',0),(123,'raghu',0),(123,'raghu',0),(123,'raghu',0),(123,'raghu',0),(123,'raghu',0),(123,'raghu',0),(123,'raghu',0),(123,'raghu',0),(123,'raghu',0),(123,'raghu',0),(123,'raghu',0),(123,'raghu',0),(123,'raghu',0),(123,'raghu',0),(123,'raghu',0),(123,'raghu',0),(123,'raghu',0),(123,'raghu',0),(123,'raghu',0),(123,'raghu',0),(123,'raghu',0),(123,'raghu',0),(123,'raghu',0),(123,'raghu',0),(123,'raghu',0),(123,'raghu',0),(123,'raghu',0),(123,'raghu',0),(123,'raghu',0),(123,'raghu',0),(123,'raghu',0),(123,'raghu',0),(123,'raghu',0),(123,'raghu',0),(123,'raghu',0),(123,'raghu',0),(123,'raghu',0),(123,'raghu',0),(123,'raghu',0),(123,'raghu',0),(123,'raghu',0),(123,'raghu',0),(123,'raghu',0),(123,'raghu',0),(123,'raghu',0),(123,'raghu',0),(123,'raghu',0),(123,'raghu',0),(123,'raghu',0),(123,'raghu',0),(123,'raghu',0),(123,'raghu',0),(123,'raghu',0),(123,'raghu',0),(123,'raghu',0),(123,'raghu',0),(123,'raghu',0),(123,'raghu',0),(123,'raghu',0),(123,'raghu',0),(123,'raghu',0),(123,'raghu',0),(123,'raghu',0),(123,'raghu',0),(123,'raghu',0),(123,'raghu',0),(123,'raghu',0),(123,'raghu',0),(123,'raghu',0),(123,'raghu',0),(123,'raghu',0),(123,'raghu',0),(123,'raghu',0),(123,'raghu',0),(123,'raghu',0),(123,'raghu',0),(123,'raghu',0),(123,'raghu',0),(123,'raghu',0),(123,'raghu',0),(123,'raghu',0),(123,'raghu',0),(123,'raghu',0),(123,'raghu',0),(123,'raghu',0),(123,'raghu',0),(123,'raghu',0),(123,'raghu',0),(123,'raghu',0),(123,'raghu',0),(123,'raghu',0),(123,'raghu',0),(123,'raghu',0),(123,'raghu',0),(123,'raghu',0),(123,'raghu',0),(123,'raghu',0),(123,'raghu',0),(123,'raghu',0),(123,'raghu',0),(123,'raghu',0),(123,'raghu',0),(123,'raghu',0),(123,'raghu',0),(123,'raghu',0),(123,'raghu',0),(123,'raghu',0),(123,'raghu',0),(123,'raghu',0),(123,'raghu',0),(123,'raghu',0),(123,'raghu',0),(123,'raghu',0),(123,'raghu',0),(123,'raghu',0),(123,'raghu',0),(123,'raghu',0),(123,'raghu',0),(123,'raghu',0),(123,'raghu',0),(123,'raghu',0),(123,'raghu',0),(123,'raghu',0),(123,'raghu',0),(123,'raghu',0),(123,'raghu',0),(123,'raghu',0),(123,'raghu',0),(123,'raghu',0),(123,'raghu',0),(123,'raghu',0),(123,'raghu',0),(123,'raghu',0),(123,'raghu',0),(123,'raghu',0),(123,'raghu',0),(123,'raghu',0),(123,'raghu',0),(123,'raghu',0),(123,'raghu',0),(123,'raghu',0),(123,'raghu',0),(123,'raghu',0),(123,'raghu',0),(123,'raghu',0),(123,'raghu',0),(123,'raghu',0),(123,'raghu',0),(123,'raghu',0),(123,'raghu',0),(123,'raghu',0),(123,'raghu',0),(123,'raghu',0),(123,'raghu',0),(123,'raghu',0),(123,'raghu',0),(123,'raghu',0),(123,'raghu',0),(123,'raghu',0),(123,'raghu',0),(123,'raghu',0),(123,'raghu',0),(123,'raghu',0),(123,'raghu',0),(123,'raghu',0),(123,'raghu',0),(123,'raghu',0),(124,'dheeraj',0),(124,'dheeraj',0),(124,'dheeraj',0),(124,'dheeraj',0),(124,'dheeraj',0),(124,'dheeraj',0),(124,'dheeraj',0),(124,'dheeraj',0),(124,'dheeraj',0),(124,'dheeraj',0),(124,'dheeraj',0),(124,'dheeraj',0),(124,'dheeraj',0),(124,'dheeraj',0),(124,'dheeraj',0),(124,'dheeraj',0),(124,'dheeraj',0),(124,'dheeraj',0),(124,'dheeraj',0),(124,'dheeraj',0),(124,'dheeraj',0),(124,'dheeraj',0),(124,'dheeraj',0),(124,'dheeraj',0),(124,'dheeraj',0),(124,'dheeraj',0),(124,'dheeraj',0),(124,'dheeraj',0),(124,'dheeraj',0),(124,'dheeraj',0),(124,'dheeraj',0),(124,'dheeraj',0),(124,'dheeraj',0),(124,'dheeraj',0),(124,'dheeraj',0),(124,'dheeraj',0),(124,'dheeraj',0),(124,'dheeraj',0),(124,'dheeraj',0),(124,'dheeraj',0),(124,'dheeraj',0),(124,'dheeraj',0),(124,'dheeraj',0),(124,'dheeraj',0),(124,'dheeraj',0),(124,'dheeraj',0),(124,'dheeraj',0),(124,'dheeraj',0),(124,'dheeraj',0),(124,'dheeraj',0),(124,'dheeraj',0),(124,'dheeraj',0),(124,'dheeraj',0),(124,'dheeraj',0),(124,'dheeraj',0),(124,'dheeraj',0),(124,'dheeraj',0),(124,'dheeraj',0),(124,'dheeraj',0),(124,'dheeraj',0),(124,'dheeraj',0),(124,'dheeraj',0),(124,'dheeraj',0),(124,'dheeraj',0),(124,'dheeraj',0),(124,'dheeraj',0),(124,'dheeraj',0),(124,'dheeraj',0),(124,'dheeraj',0),(124,'dheeraj',0),(124,'dheeraj',0),(124,'dheeraj',0),(124,'dheeraj',0),(124,'dheeraj',0),(124,'dheeraj',0),(124,'dheeraj',0),(124,'dheeraj',0),(124,'dheeraj',0),(124,'dheeraj',0),(124,'dheeraj',0),(124,'dheeraj',0),(124,'dheeraj',0),(124,'dheeraj',0),(124,'dheeraj',0),(124,'dheeraj',0),(124,'dheeraj',0),(124,'dheeraj',0),(124,'dheeraj',0),(124,'dheeraj',0),(124,'dheeraj',0),(124,'dheeraj',0),(124,'dheeraj',0),(124,'dheeraj',0),(124,'dheeraj',0),(124,'dheeraj',0),(124,'dheeraj',0),(124,'dheeraj',0),(124,'dheeraj',0),(124,'dheeraj',0),(124,'dheeraj',0),(124,'dheeraj',0),(124,'dheeraj',0),(124,'dheeraj',0),(124,'dheeraj',0),(124,'dheeraj',0),(124,'dheeraj',0),(124,'dheeraj',0),(124,'dheeraj',0),(124,'dheeraj',0),(124,'dheeraj',0),(124,'dheeraj',0),(124,'dheeraj',0),(124,'dheeraj',0),(124,'dheeraj',0),(124,'dheeraj',0),(124,'dheeraj',0),(124,'dheeraj',0),(124,'dheeraj',0),(124,'dheeraj',0),(124,'dheeraj',0),(124,'dheeraj',0),(124,'dheeraj',0),(124,'dheeraj',0),(124,'dheeraj',0),(124,'dheeraj',0),(124,'dheeraj',0),(124,'dheeraj',0),(124,'dheeraj',0),(124,'dheeraj',0),(124,'dheeraj',0),(124,'dheeraj',0),(124,'dheeraj',0),(124,'dheeraj',0),(124,'dheeraj',0),(124,'dheeraj',0),(124,'dheeraj',0),(124,'dheeraj',0),(124,'dheeraj',0),(124,'dheeraj',0),(124,'dheeraj',0),(124,'dheeraj',0),(124,'dheeraj',0),(124,'dheeraj',0),(124,'dheeraj',0),(124,'dheeraj',0),(124,'dheeraj',0),(124,'dheeraj',0),(124,'dheeraj',0),(124,'dheeraj',0),(124,'dheeraj',0),(124,'dheeraj',0),(124,'dheeraj',0),(124,'dheeraj',0),(124,'dheeraj',0),(124,'dheeraj',0),(124,'dheeraj',0),(124,'dheeraj',0),(124,'dheeraj',0),(124,'dheeraj',0),(124,'dheeraj',0),(124,'dheeraj',0),(124,'dheeraj',0),(124,'dheeraj',0),(124,'dheeraj',0),(124,'dheeraj',0),(124,'dheeraj',0),(124,'dheeraj',0),(124,'dheeraj',0),(124,'dheeraj',0),(124,'dheeraj',0),(124,'dheeraj',0),(124,'dheeraj',0),(124,'dheeraj',0),(124,'dheeraj',0),(124,'dheeraj',0),(124,'dheeraj',0),(124,'dheeraj',0),(124,'dheeraj',0),(124,'dheeraj',0),(124,'dheeraj',0),(124,'dheeraj',0),(124,'dheeraj',0),(124,'dheeraj',0),(124,'dheeraj',0),(124,'dheeraj',0),(124,'dheeraj',0),(124,'dheeraj',0),(124,'dheeraj',0),(124,'dheeraj',0),(124,'dheeraj',0),(124,'dheeraj',0),(124,'dheeraj',0),(124,'dheeraj',0),(124,'dheeraj',0),(124,'dheeraj',0),(124,'dheeraj',0),(124,'dheeraj',0),(124,'dheeraj',0),(124,'dheeraj',0),(124,'dheeraj',0),(124,'dheeraj',0),(124,'dheeraj',0),(124,'dheeraj',0),(124,'dheeraj',0),(124,'dheeraj',0),(124,'dheeraj',0),(124,'dheeraj',0),(124,'dheeraj',0),(124,'dheeraj',0),(124,'dheeraj',0),(124,'dheeraj',0),(124,'dheeraj',0),(124,'dheeraj',0),(124,'dheeraj',0),(124,'dheeraj',0),(124,'dheeraj',0),(124,'dheeraj',0),(124,'dheeraj',0),(124,'dheeraj',0),(124,'dheeraj',0),(124,'dheeraj',0),(124,'dheeraj',0),(124,'dheeraj',0),(124,'dheeraj',0),(124,'dheeraj',0),(124,'dheeraj',0),(124,'dheeraj',0),(124,'dheeraj',0),(124,'dheeraj',0),(124,'dheeraj',0),(124,'dheeraj',0),(124,'dheeraj',0),(124,'dheeraj',0),(124,'dheeraj',0),(124,'dheeraj',0),(124,'dheeraj',0),(124,'dheeraj',0),(124,'dheeraj',0),(124,'dheeraj',0),(124,'dheeraj',0),(124,'dheeraj',0),(124,'dheeraj',0),(124,'dheeraj',0),(124,'dheeraj',0),(124,'dheeraj',0),(124,'dheeraj',0),(124,'dheeraj',0),(124,'dheeraj',0),(124,'dheeraj',0),(124,'dheeraj',0),(124,'dheeraj',0),(124,'dheeraj',0),(124,'dheeraj',0),(124,'dheeraj',0),(124,'dheeraj',0),(124,'dheeraj',0),(124,'dheeraj',0),(124,'dheeraj',0),(124,'dheeraj',0),(124,'dheeraj',0),(124,'dheeraj',0),(124,'dheeraj',0),(124,'dheeraj',0),(124,'dheeraj',0),(124,'dheeraj',0),(124,'dheeraj',0),(124,'dheeraj',0),(124,'dheeraj',0),(124,'dheeraj',0),(124,'dheeraj',0),(124,'dheeraj',0),(124,'dheeraj',0),(124,'dheeraj',0),(124,'dheeraj',0),(124,'dheeraj',0),(124,'dheeraj',0),(124,'dheeraj',0),(124,'dheeraj',0),(124,'dheeraj',0),(124,'dheeraj',0),(124,'dheeraj',0),(124,'dheeraj',0),(124,'dheeraj',0),(124,'dheeraj',0),(124,'dheeraj',0),(124,'dheeraj',0),(124,'dheeraj',0),(124,'dheeraj',0),(124,'dheeraj',0),(124,'dheeraj',0),(124,'dheeraj',0),(124,'dheeraj',0),(124,'dheeraj',0),(124,'dheeraj',0),(124,'dheeraj',0),(124,'dheeraj',0),(124,'dheeraj',0),(124,'dheeraj',0),(124,'dheeraj',0),(124,'dheeraj',0),(124,'dheeraj',0),(124,'dheeraj',0),(124,'dheeraj',0),(124,'dheeraj',0),(124,'dheeraj',0),(124,'dheeraj',0),(124,'dheeraj',0),(124,'dheeraj',0),(124,'dheeraj',0),(124,'dheeraj',0),(124,'dheeraj',0),(124,'dheeraj',0),(124,'dheeraj',0),(124,'dheeraj',0),(124,'dheeraj',0),(124,'dheeraj',0),(124,'dheeraj',0),(124,'dheeraj',0),(124,'dheeraj',0),(124,'dheeraj',0),(124,'dheeraj',0),(124,'dheeraj',0),(124,'dheeraj',0),(124,'dheeraj',0),(124,'dheeraj',0),(124,'dheeraj',0),(124,'dheeraj',0),(124,'dheeraj',0),(124,'dheeraj',0),(124,'dheeraj',0),(124,'dheeraj',0),(124,'dheeraj',0),(124,'dheeraj',0),(124,'dheeraj',0),(124,'dheeraj',0),(124,'dheeraj',0),(124,'dheeraj',0),(124,'dheeraj',0),(124,'dheeraj',0),(124,'dheeraj',0),(124,'dheeraj',0),(124,'dheeraj',0),(124,'dheeraj',0),(124,'dheeraj',0),(124,'dheeraj',0),(124,'dheeraj',0),(124,'dheeraj',0),(124,'dheeraj',0),(124,'dheeraj',0),(124,'dheeraj',0),(124,'dheeraj',0),(124,'dheeraj',0),(124,'dheeraj',0),(124,'dheeraj',0),(124,'dheeraj',0),(124,'dheeraj',0),(124,'dheeraj',0),(124,'dheeraj',0),(124,'dheeraj',0),(124,'dheeraj',0),(124,'dheeraj',0),(124,'dheeraj',0),(124,'dheeraj',0),(124,'dheeraj',0),(124,'dheeraj',0),(124,'dheeraj',0),(124,'dheeraj',0),(124,'dheeraj',0),(124,'dheeraj',0),(124,'dheeraj',0),(124,'dheeraj',0),(124,'dheeraj',0),(124,'dheeraj',0),(124,'dheeraj',0),(124,'dheeraj',0),(124,'dheeraj',0),(124,'dheeraj',0),(124,'dheeraj',0),(124,'dheeraj',0),(124,'dheeraj',0),(124,'dheeraj',0),(124,'dheeraj',0),(124,'dheeraj',0),(124,'dheeraj',0),(124,'dheeraj',0),(124,'dheeraj',0),(124,'dheeraj',0),(124,'dheeraj',0),(124,'dheeraj',0),(124,'dheeraj',0),(124,'dheeraj',0),(124,'dheeraj',0),(124,'dheeraj',0),(124,'dheeraj',0),(124,'dheeraj',0),(124,'dheeraj',0),(124,'dheeraj',0),(124,'dheeraj',0),(124,'dheeraj',0),(124,'dheeraj',0),(124,'dheeraj',0),(124,'dheeraj',0),(124,'dheeraj',0),(124,'dheeraj',0),(124,'dheeraj',0),(124,'dheeraj',0),(124,'dheeraj',0),(124,'dheeraj',0),(124,'dheeraj',0),(124,'dheeraj',0),(124,'dheeraj',0),(124,'dheeraj',0),(124,'dheeraj',0),(124,'dheeraj',0),(124,'dheeraj',0),(124,'dheeraj',0),(124,'dheeraj',0),(124,'dheeraj',0),(124,'dheeraj',0),(124,'dheeraj',0),(124,'dheeraj',0),(124,'dheeraj',0),(124,'dheeraj',0),(124,'dheeraj',0),(124,'dheeraj',0),(124,'dheeraj',0),(124,'dheeraj',0),(124,'dheeraj',0),(124,'dheeraj',0),(124,'dheeraj',0),(124,'dheeraj',0),(124,'dheeraj',0),(124,'dheeraj',0),(124,'dheeraj',0),(124,'dheeraj',0),(124,'dheeraj',0),(124,'dheeraj',0),(124,'dheeraj',0),(124,'dheeraj',0),(124,'dheeraj',0),(124,'dheeraj',0),(124,'dheeraj',0),(124,'dheeraj',0),(124,'dheeraj',0),(124,'dheeraj',0),(124,'dheeraj',0),(124,'dheeraj',0),(124,'dheeraj',0),(124,'dheeraj',0),(124,'dheeraj',0),(124,'dheeraj',0),(124,'dheeraj',0),(124,'dheeraj',0),(124,'dheeraj',0),(124,'dheeraj',0),(124,'dheeraj',0),(124,'dheeraj',0),(124,'dheeraj',0),(124,'dheeraj',0),(124,'dheeraj',0),(124,'dheeraj',0),(124,'dheeraj',0),(124,'dheeraj',0),(124,'dheeraj',0),(124,'dheeraj',0),(124,'dheeraj',0),(124,'dheeraj',0),(124,'dheeraj',0),(124,'dheeraj',0),(124,'dheeraj',0),(124,'dheeraj',0),(124,'dheeraj',0),(124,'dheeraj',0),(124,'dheeraj',0),(124,'dheeraj',0),(124,'dheeraj',0),(124,'dheeraj',0),(124,'dheeraj',0),(124,'dheeraj',0),(124,'dheeraj',0),(124,'dheeraj',0),(124,'dheeraj',0),(124,'dheeraj',0),(124,'dheeraj',0),(124,'dheeraj',0),(124,'dheeraj',0),(124,'dheeraj',0),(124,'dheeraj',0),(124,'dheeraj',0),(124,'dheeraj',0),(124,'dheeraj',0),(124,'dheeraj',0),(124,'dheeraj',0),(124,'dheeraj',0),(124,'dheeraj',0),(124,'dheeraj',0),(124,'dheeraj',0),(124,'dheeraj',0),(124,'dheeraj',0),(124,'dheeraj',0),(124,'dheeraj',0),(124,'dheeraj',0),(124,'dheeraj',0),(124,'dheeraj',0),(124,'dheeraj',0),(124,'dheeraj',0),(124,'dheeraj',0),(124,'dheeraj',0),(124,'dheeraj',0),(124,'dheeraj',0),(124,'dheeraj',0),(124,'dheeraj',0),(124,'dheeraj',0),(124,'dheeraj',0),(124,'dheeraj',0),(124,'dheeraj',0),(124,'dheeraj',0),(124,'dheeraj',0),(124,'dheeraj',0),(124,'dheeraj',0),(124,'dheeraj',0),(124,'dheeraj',0),(124,'dheeraj',0),(124,'dheeraj',0),(124,'dheeraj',0),(124,'dheeraj',0),(124,'dheeraj',0),(124,'dheeraj',0),(124,'dheeraj',0),(124,'dheeraj',0),(124,'dheeraj',0),(124,'dheeraj',0),(124,'dheeraj',0),(124,'dheeraj',0),(124,'dheeraj',0),(124,'dheeraj',0),(124,'dheeraj',0),(124,'dheeraj',0),(124,'dheeraj',0),(124,'dheeraj',0),(124,'dheeraj',0),(124,'dheeraj',0),(124,'dheeraj',0),(124,'dheeraj',0),(124,'dheeraj',0),(124,'dheeraj',0),(124,'dheeraj',0),(124,'dheeraj',0),(124,'dheeraj',0),(124,'dheeraj',0),(124,'dheeraj',0),(124,'dheeraj',0),(124,'dheeraj',0),(124,'dheeraj',0),(124,'dheeraj',0),(124,'dheeraj',0),(124,'dheeraj',0),(124,'dheeraj',0),(124,'dheeraj',0),(124,'dheeraj',0),(124,'dheeraj',0),(124,'dheeraj',0),(124,'dheeraj',0),(124,'dheeraj',0),(124,'dheeraj',0),(124,'dheeraj',0),(124,'dheeraj',0),(124,'dheeraj',0),(124,'dheeraj',0),(124,'dheeraj',0),(124,'dheeraj',0),(124,'dheeraj',0),(124,'dheeraj',0),(124,'dheeraj',0),(124,'dheeraj',0),(124,'dheeraj',0),(124,'dheeraj',0),(124,'dheeraj',0),(124,'dheeraj',0),(124,'dheeraj',0),(124,'dheeraj',0),(124,'dheeraj',0),(124,'dheeraj',0),(124,'dheeraj',0),(124,'dheeraj',0),(124,'dheeraj',0),(124,'dheeraj',0),(124,'dheeraj',0),(124,'dheeraj',0),(124,'dheeraj',0),(124,'dheeraj',0),(124,'dheeraj',0),(124,'dheeraj',0),(124,'dheeraj',0),(124,'dheeraj',0),(124,'dheeraj',0),(124,'dheeraj',0),(124,'dheeraj',0),(124,'dheeraj',0),(124,'dheeraj',0),(124,'dheeraj',0),(124,'dheeraj',0),(124,'dheeraj',0),(124,'dheeraj',0),(124,'dheeraj',0),(124,'dheeraj',0),(124,'dheeraj',0),(124,'dheeraj',0),(124,'dheeraj',0),(124,'dheeraj',0),(124,'dheeraj',0),(124,'dheeraj',0),(124,'dheeraj',0),(124,'dheeraj',0),(124,'dheeraj',0),(124,'dheeraj',0),(124,'dheeraj',0),(124,'dheeraj',0),(124,'dheeraj',0),(124,'dheeraj',0),(124,'dheeraj',0),(124,'dheeraj',0),(124,'dheeraj',0),(124,'dheeraj',0),(124,'dheeraj',0),(124,'dheeraj',0),(124,'dheeraj',0),(124,'dheeraj',0),(124,'dheeraj',0),(124,'dheeraj',0),(124,'dheeraj',0),(124,'dheeraj',0),(124,'dheeraj',0),(124,'dheeraj',0),(124,'dheeraj',0),(124,'dheeraj',0),(124,'dheeraj',0),(124,'dheeraj',0),(124,'dheeraj',0),(124,'dheeraj',0),(124,'dheeraj',0),(124,'dheeraj',0),(124,'dheeraj',0),(124,'dheeraj',0),(124,'dheeraj',0),(124,'dheeraj',0),(124,'dheeraj',0),(124,'dheeraj',0),(124,'dheeraj',0),(124,'dheeraj',0),(124,'dheeraj',0),(124,'dheeraj',0),(124,'dheeraj',0),(124,'dheeraj',0),(124,'dheeraj',0),(124,'dheeraj',0),(124,'dheeraj',0),(124,'dheeraj',0),(124,'dheeraj',0),(124,'dheeraj',0),(124,'dheeraj',0),(124,'dheeraj',0),(124,'dheeraj',0),(124,'dheeraj',0),(124,'dheeraj',0),(124,'dheeraj',0),(124,'dheeraj',0),(124,'dheeraj',0),(124,'dheeraj',0),(124,'dheeraj',0),(124,'dheeraj',0),(124,'dheeraj',0),(124,'dheeraj',0),(124,'dheeraj',0),(124,'dheeraj',0),(124,'dheeraj',0),(124,'dheeraj',0),(124,'dheeraj',0),(124,'dheeraj',0),(124,'dheeraj',0),(124,'dheeraj',0),(124,'dheeraj',0),(124,'dheeraj',0),(124,'dheeraj',0),(124,'dheeraj',0),(124,'dheeraj',0),(124,'dheeraj',0),(124,'dheeraj',0),(124,'dheeraj',0),(124,'dheeraj',0),(124,'dheeraj',0),(124,'dheeraj',0),(124,'dheeraj',0),(124,'dheeraj',0),(124,'dheeraj',0),(124,'dheeraj',0),(124,'dheeraj',0),(124,'dheeraj',0),(124,'dheeraj',0),(124,'dheeraj',0),(124,'dheeraj',0),(124,'dheeraj',0),(124,'dheeraj',0),(124,'dheeraj',0),(124,'dheeraj',0),(124,'dheeraj',0),(124,'dheeraj',0),(124,'dheeraj',0),(124,'dheeraj',0),(124,'dheeraj',0),(124,'dheeraj',0),(124,'dheeraj',0),(124,'dheeraj',0),(124,'dheeraj',0),(124,'dheeraj',0),(124,'dheeraj',0),(124,'dheeraj',0),(124,'dheeraj',0),(124,'dheeraj',0),(124,'dheeraj',0),(124,'dheeraj',0),(124,'dheeraj',0),(124,'dheeraj',0),(124,'dheeraj',0),(124,'dheeraj',0),(124,'dheeraj',0),(124,'dheeraj',0),(124,'dheeraj',0),(124,'dheeraj',0),(124,'dheeraj',0),(124,'dheeraj',0),(124,'dheeraj',0),(124,'dheeraj',0),(124,'dheeraj',0),(124,'dheeraj',0),(124,'dheeraj',0),(124,'dheeraj',0),(124,'dheeraj',0),(124,'dheeraj',0),(124,'dheeraj',0),(124,'dheeraj',0),(124,'dheeraj',0),(124,'dheeraj',0),(124,'dheeraj',0),(124,'dheeraj',0),(124,'dheeraj',0),(124,'dheeraj',0),(124,'dheeraj',0),(124,'dheeraj',0),(124,'dheeraj',0),(124,'dheeraj',0),(124,'dheeraj',0),(124,'dheeraj',0),(124,'dheeraj',0),(124,'dheeraj',0),(124,'dheeraj',0),(124,'dheeraj',0),(124,'dheeraj',0),(124,'dheeraj',0),(124,'dheeraj',0),(124,'dheeraj',0),(124,'dheeraj',0),(124,'dheeraj',0),(124,'dheeraj',0),(124,'dheeraj',0),(124,'dheeraj',0),(124,'dheeraj',0),(124,'dheeraj',0),(124,'dheeraj',0),(124,'dheeraj',0),(124,'dheeraj',0),(124,'dheeraj',0),(124,'dheeraj',0),(124,'dheeraj',0),(124,'dheeraj',0),(124,'dheeraj',0),(124,'dheeraj',0),(124,'dheeraj',0),(124,'dheeraj',0),(124,'dheeraj',0),(124,'dheeraj',0),(124,'dheeraj',0),(124,'dheeraj',0),(124,'dheeraj',0),(124,'dheeraj',0),(124,'dheeraj',0),(124,'dheeraj',0),(124,'dheeraj',0),(124,'dheeraj',0),(124,'dheeraj',0),(124,'dheeraj',0),(124,'dheeraj',0),(124,'dheeraj',0),(124,'dheeraj',0),(124,'dheeraj',0),(124,'dheeraj',0),(124,'dheeraj',0),(124,'dheeraj',0),(124,'dheeraj',0),(124,'dheeraj',0),(124,'dheeraj',0),(124,'dheeraj',0),(124,'dheeraj',0),(124,'dheeraj',0),(124,'dheeraj',0),(124,'dheeraj',0),(124,'dheeraj',0),(124,'dheeraj',0),(124,'dheeraj',0),(124,'dheeraj',0),(124,'dheeraj',0),(124,'dheeraj',0),(124,'dheeraj',0),(124,'dheeraj',0),(124,'dheeraj',0),(124,'dheeraj',0),(124,'dheeraj',0),(124,'dheeraj',0),(124,'dheeraj',0),(124,'dheeraj',0),(124,'dheeraj',0),(124,'dheeraj',0),(124,'dheeraj',0),(124,'dheeraj',0),(124,'dheeraj',0),(124,'dheeraj',0),(124,'dheeraj',0),(124,'dheeraj',0),(124,'dheeraj',0),(124,'dheeraj',0),(124,'dheeraj',0),(124,'dheeraj',0),(124,'dheeraj',0),(124,'dheeraj',0),(124,'dheeraj',0),(124,'dheeraj',0),(124,'dheeraj',0),(124,'dheeraj',0),(124,'dheeraj',0),(124,'dheeraj',0),(124,'dheeraj',0),(124,'dheeraj',0),(124,'dheeraj',0),(124,'dheeraj',0),(124,'dheeraj',0),(124,'dheeraj',0),(124,'dheeraj',0),(124,'dheeraj',0),(124,'dheeraj',0),(124,'dheeraj',0),(124,'dheeraj',0),(124,'dheeraj',0),(124,'dheeraj',0),(124,'dheeraj',0),(124,'dheeraj',0),(124,'dheeraj',0),(124,'dheeraj',0),(124,'dheeraj',0),(124,'dheeraj',0),(124,'dheeraj',0),(124,'dheeraj',0),(124,'dheeraj',0),(124,'dheeraj',0),(124,'dheeraj',0),(124,'dheeraj',0),(124,'dheeraj',0),(124,'dheeraj',0),(124,'dheeraj',0),(124,'dheeraj',0),(124,'dheeraj',0),(124,'dheeraj',0),(124,'dheeraj',0),(124,'dheeraj',0),(124,'dheeraj',0),(124,'dheeraj',0),(124,'dheeraj',0),(124,'dheeraj',0),(124,'dheeraj',0),(124,'dheeraj',0),(124,'dheeraj',0),(124,'dheeraj',0),(124,'dheeraj',0),(124,'dheeraj',0),(124,'dheeraj',0),(124,'dheeraj',0),(124,'dheeraj',0),(124,'dheeraj',0),(124,'dheeraj',0),(124,'dheeraj',0),(124,'dheeraj',0),(124,'dheeraj',0),(124,'dheeraj',0),(124,'dheeraj',0),(124,'dheeraj',0),(124,'dheeraj',0),(124,'dheeraj',0),(124,'dheeraj',0),(124,'dheeraj',0),(124,'dheeraj',0),(124,'dheeraj',0),(124,'dheeraj',0),(124,'dheeraj',0),(124,'dheeraj',0),(124,'dheeraj',0),(124,'dheeraj',0),(124,'dheeraj',0),(124,'dheeraj',0),(124,'dheeraj',0),(124,'dheeraj',0),(124,'dheeraj',0),(124,'dheeraj',0),(124,'dheeraj',0),(124,'dheeraj',0),(124,'dheeraj',0),(124,'dheeraj',0),(124,'dheeraj',0),(124,'dheeraj',0),(124,'dheeraj',0),(124,'dheeraj',0),(124,'dheeraj',0),(124,'dheeraj',0),(124,'dheeraj',0),(124,'dheeraj',0),(124,'dheeraj',0),(124,'dheeraj',0),(124,'dheeraj',0),(124,'dheeraj',0),(124,'dheeraj',0),(124,'dheeraj',0),(124,'dheeraj',0),(124,'dheeraj',0),(124,'dheeraj',0),(124,'dheeraj',0),(124,'dheeraj',0),(124,'dheeraj',0),(124,'dheeraj',0),(124,'dheeraj',0),(124,'dheeraj',0),(124,'dheeraj',0),(124,'dheeraj',0),(124,'dheeraj',0),(124,'dheeraj',0),(124,'dheeraj',0),(124,'dheeraj',0),(124,'dheeraj',0),(124,'dheeraj',0),(124,'dheeraj',0),(124,'dheeraj',0),(124,'dheeraj',0),(124,'dheeraj',0),(124,'dheeraj',0),(124,'dheeraj',0),(124,'dheeraj',0),(124,'dheeraj',0),(124,'dheeraj',0),(124,'dheeraj',0),(124,'dheeraj',0),(125,'raghu',100),(125,'raghu',100),(126,'raghu',100),(126,'raghu',100),(127,'raghu',100),(127,'raghu',100),(128,'raghu',100),(128,'raghu',100),(129,'raghu',100),(129,'raghu',100),(130,'raghu',100),(130,'raghu',100),(131,'raghu',200),(131,'raghu',200);
/*!40000 ALTER TABLE `bill_payers` ENABLE KEYS */;
UNLOCK TABLES;

--
-- Table structure for table `bill_spenders`
--

DROP TABLE IF EXISTS `bill_spenders`;
/*!40101 SET @saved_cs_client     = @@character_set_client */;
/*!40101 SET character_set_client = utf8 */;
CREATE TABLE `bill_spenders` (
  `bill_id` int(11) NOT NULL,
  `bill_spender` varchar(30) DEFAULT NULL,
  `amount` int(11) DEFAULT NULL
) ENGINE=InnoDB DEFAULT CHARSET=latin1;
/*!40101 SET character_set_client = @saved_cs_client */;

--
-- Dumping data for table `bill_spenders`
--

LOCK TABLES `bill_spenders` WRITE;
/*!40000 ALTER TABLE `bill_spenders` DISABLE KEYS */;
INSERT INTO `bill_spenders` VALUES (106,'raghu',100),(107,'dheeraj',200),(113,'dheeraj',100),(113,'dheeraj',100),(114,'dheeraj',100),(114,'dheeraj',100),(115,'dheeraj',100),(115,'ayushman',100),(116,'dheeraj',100),(116,'dheeraj',100),(117,'dheeraj',33),(117,'ayushman',33),(118,'dheeraj',33),(118,'dheeraj',33),(119,'dheeraj',300),(120,'dheeraj',133),(120,'dheeraj',133),(121,'ayushman',100),(122,'dheeraj',100),(122,'dheeraj',100),(123,'ayushman',167),(123,'test5_user',0),(123,'test5_user',0),(123,'test5_user',0),(123,'test5_user',0),(123,'test5_user',0),(123,'test5_user',0),(123,'test5_user',0),(123,'test5_user',0),(123,'test5_user',0),(123,'test5_user',0),(123,'test5_user',0),(123,'test5_user',0),(123,'test5_user',0),(123,'test5_user',0),(123,'test5_user',0),(123,'test5_user',0),(123,'test5_user',0),(123,'test5_user',0),(123,'test5_user',0),(123,'test5_user',0),(123,'test5_user',0),(123,'test5_user',0),(123,'test5_user',0),(123,'test5_user',0),(123,'test5_user',0),(123,'test5_user',0),(123,'test5_user',0),(123,'test5_user',0),(123,'test5_user',0),(123,'test5_user',0),(123,'test5_user',0),(123,'test5_user',0),(123,'test5_user',0),(123,'test5_user',0),(123,'test5_user',0),(123,'test5_user',0),(123,'test5_user',0),(123,'test5_user',0),(123,'test5_user',0),(123,'test5_user',0),(123,'test5_user',0),(123,'test5_user',0),(123,'test5_user',0),(123,'test5_user',0),(123,'test5_user',0),(123,'test5_user',0),(123,'test5_user',0),(123,'test5_user',0),(123,'test5_user',0),(123,'test5_user',0),(123,'test5_user',0),(123,'test5_user',0),(123,'test5_user',0),(123,'test5_user',0),(123,'test5_user',0),(123,'test5_user',0),(123,'test5_user',0),(123,'test5_user',0),(123,'test5_user',0),(123,'test5_user',0),(123,'test5_user',0),(123,'test5_user',0),(123,'test5_user',0),(123,'test5_user',0),(123,'test5_user',0),(123,'test5_user',0),(123,'test5_user',0),(123,'test5_user',0),(123,'test5_user',0),(123,'test5_user',0),(123,'test5_user',0),(123,'test5_user',0),(123,'test5_user',0),(123,'test5_user',0),(123,'test5_user',0),(123,'test5_user',0),(123,'test5_user',0),(123,'test5_user',0),(123,'test5_user',0),(123,'test5_user',0),(123,'test5_user',0),(123,'test5_user',0),(123,'test5_user',0),(123,'test5_user',0),(123,'test5_user',0),(123,'test5_user',0),(123,'test5_user',0),(123,'test5_user',0),(123,'test5_user',0),(123,'test5_user',0),(123,'test5_user',0),(123,'test5_user',0),(123,'test5_user',0),(123,'test5_user',0),(123,'test5_user',0),(123,'test5_user',0),(123,'test5_user',0),(123,'test5_user',0),(123,'test5_user',0),(123,'test5_user',0),(123,'test5_user',0),(123,'test5_user',0),(123,'test5_user',0),(123,'test5_user',0),(123,'test5_user',0),(123,'test5_user',0),(123,'test5_user',0),(123,'test5_user',0),(123,'test5_user',0),(123,'test5_user',0),(123,'test5_user',0),(123,'test5_user',0),(123,'test5_user',0),(123,'test5_user',0),(123,'test5_user',0),(123,'test5_user',0),(123,'test5_user',0),(123,'test5_user',0),(123,'test5_user',0),(123,'test5_user',0),(123,'test5_user',0),(123,'test5_user',0),(123,'test5_user',0),(123,'test5_user',0),(123,'test5_user',0),(123,'test5_user',0),(123,'test5_user',0),(123,'test5_user',0),(123,'test5_user',0),(123,'test5_user',0),(123,'test5_user',0),(123,'test5_user',0),(123,'test5_user',0),(123,'test5_user',0),(123,'test5_user',0),(123,'test5_user',0),(123,'test5_user',0),(123,'test5_user',0),(123,'test5_user',0),(123,'test5_user',0),(123,'test5_user',0),(123,'test5_user',0),(123,'test5_user',0),(123,'test5_user',0),(123,'test5_user',0),(123,'test5_user',0),(123,'test5_user',0),(123,'test5_user',0),(123,'test5_user',0),(123,'test5_user',0),(123,'test5_user',0),(123,'test5_user',0),(123,'test5_user',0),(123,'test5_user',0),(123,'test5_user',0),(123,'test5_user',0),(123,'test5_user',0),(123,'test5_user',0),(123,'test5_user',0),(123,'test5_user',0),(123,'test5_user',0),(123,'test5_user',0),(123,'test5_user',0),(123,'test5_user',0),(123,'test5_user',0),(123,'test5_user',0),(123,'test5_user',0),(123,'test5_user',0),(123,'test5_user',0),(123,'test5_user',0),(123,'test5_user',0),(123,'test5_user',0),(123,'test5_user',0),(123,'test5_user',0),(123,'test5_user',0),(123,'test5_user',0),(123,'test5_user',0),(123,'test5_user',0),(123,'test5_user',0),(123,'test5_user',0),(123,'test5_user',0),(123,'test5_user',0),(123,'test5_user',0),(123,'test5_user',0),(123,'test5_user',0),(123,'test5_user',0),(123,'test5_user',0),(123,'test5_user',0),(123,'test5_user',0),(123,'test5_user',0),(123,'test5_user',0),(123,'test5_user',0),(123,'test5_user',0),(123,'test5_user',0),(123,'test5_user',0),(123,'test5_user',0),(123,'test5_user',0),(123,'test5_user',0),(123,'test5_user',0),(123,'test5_user',0),(123,'test5_user',0),(123,'test5_user',0),(123,'test5_user',0),(123,'test5_user',0),(123,'test5_user',0),(123,'test5_user',0),(123,'test5_user',0),(123,'test5_user',0),(123,'test5_user',0),(123,'test5_user',0),(123,'test5_user',0),(123,'test5_user',0),(123,'test5_user',0),(123,'test5_user',0),(123,'test5_user',0),(123,'test5_user',0),(123,'test5_user',0),(123,'test5_user',0),(123,'test5_user',0),(123,'test5_user',0),(123,'test5_user',0),(123,'test5_user',0),(123,'test5_user',0),(123,'test5_user',0),(123,'test5_user',0),(123,'test5_user',0),(123,'test5_user',0),(123,'test5_user',0),(123,'test5_user',0),(123,'test5_user',0),(123,'test5_user',0),(123,'test5_user',0),(123,'test5_user',0),(123,'test5_user',0),(123,'test5_user',0),(123,'test5_user',0),(123,'test5_user',0),(123,'test5_user',0),(123,'test5_user',0),(123,'test5_user',0),(123,'test5_user',0),(123,'test5_user',0),(123,'test5_user',0),(123,'test5_user',0),(123,'test5_user',0),(123,'test5_user',0),(123,'test5_user',0),(123,'test5_user',0),(123,'test5_user',0),(123,'test5_user',0),(123,'test5_user',0),(123,'test5_user',0),(123,'test5_user',0),(123,'test5_user',0),(123,'test5_user',0),(123,'test5_user',0),(123,'test5_user',0),(123,'test5_user',0),(123,'test5_user',0),(123,'test5_user',0),(123,'test5_user',0),(123,'test5_user',0),(123,'test5_user',0),(123,'test5_user',0),(123,'test5_user',0),(123,'test5_user',0),(123,'test5_user',0),(123,'test5_user',0),(123,'test5_user',0),(123,'test5_user',0),(123,'test5_user',0),(123,'test5_user',0),(123,'test5_user',0),(123,'test5_user',0),(123,'test5_user',0),(123,'test5_user',0),(123,'test5_user',0),(123,'test5_user',0),(123,'test5_user',0),(123,'test5_user',0),(123,'test5_user',0),(123,'test5_user',0),(123,'test5_user',0),(123,'test5_user',0),(123,'test5_user',0),(123,'test5_user',0),(123,'test5_user',0),(123,'test5_user',0),(123,'test5_user',0),(123,'test5_user',0),(123,'test5_user',0),(123,'test5_user',0),(123,'test5_user',0),(123,'test5_user',0),(123,'test5_user',0),(123,'test5_user',0),(123,'test5_user',0),(123,'test5_user',0),(123,'test5_user',0),(123,'test5_user',0),(123,'test5_user',0),(123,'test5_user',0),(123,'test5_user',0),(123,'test5_user',0),(123,'test5_user',0),(123,'test5_user',0),(123,'test5_user',0),(123,'test5_user',0),(123,'test5_user',0),(123,'test5_user',0),(123,'test5_user',0),(123,'test5_user',0),(123,'test5_user',0),(123,'test5_user',0),(123,'test5_user',0),(123,'test5_user',0),(123,'test5_user',0),(123,'test5_user',0),(123,'test5_user',0),(123,'test5_user',0),(123,'test5_user',0),(123,'test5_user',0),(123,'test5_user',0),(123,'test5_user',0),(123,'test5_user',0),(123,'test5_user',0),(123,'test5_user',0),(123,'test5_user',0),(123,'test5_user',0),(123,'test5_user',0),(123,'test5_user',0),(123,'test5_user',0),(123,'test5_user',0),(123,'test5_user',0),(123,'test5_user',0),(123,'test5_user',0),(123,'test5_user',0),(123,'test5_user',0),(123,'test5_user',0),(123,'test5_user',0),(123,'test5_user',0),(123,'test5_user',0),(123,'test5_user',0),(123,'test5_user',0),(123,'test5_user',0),(123,'test5_user',0),(123,'test5_user',0),(123,'test5_user',0),(123,'test5_user',0),(123,'test5_user',0),(123,'test5_user',0),(123,'test5_user',0),(123,'test5_user',0),(123,'test5_user',0),(123,'test5_user',0),(123,'test5_user',0),(123,'test5_user',0),(123,'test5_user',0),(123,'test5_user',0),(123,'test5_user',0),(123,'test5_user',0),(123,'test5_user',0),(123,'test5_user',0),(123,'test5_user',0),(123,'test5_user',0),(123,'test5_user',0),(123,'test5_user',0),(123,'test5_user',0),(123,'test5_user',0),(123,'test5_user',0),(123,'test5_user',0),(123,'test5_user',0),(123,'test5_user',0),(123,'test5_user',0),(123,'test5_user',0),(123,'test5_user',0),(123,'test5_user',0),(123,'test5_user',0),(123,'test5_user',0),(123,'test5_user',0),(123,'test5_user',0),(123,'test5_user',0),(123,'test5_user',0),(123,'test5_user',0),(123,'test5_user',0),(123,'test5_user',0),(123,'test5_user',0),(123,'test5_user',0),(123,'test5_user',0),(123,'test5_user',0),(123,'test5_user',0),(123,'test5_user',0),(123,'test5_user',0),(123,'test5_user',0),(123,'test5_user',0),(123,'test5_user',0),(123,'test5_user',0),(123,'test5_user',0),(123,'test5_user',0),(123,'test5_user',0),(123,'test5_user',0),(123,'test5_user',0),(123,'test5_user',0),(123,'test5_user',0),(123,'test5_user',0),(123,'test5_user',0),(123,'test5_user',0),(123,'test5_user',0),(123,'test5_user',0),(123,'test5_user',0),(123,'test5_user',0),(123,'test5_user',0),(123,'test5_user',0),(123,'test5_user',0),(123,'test5_user',0),(123,'test5_user',0),(123,'test5_user',0),(123,'test5_user',0),(123,'test5_user',0),(123,'test5_user',0),(123,'test5_user',0),(123,'test5_user',0),(123,'test5_user',0),(123,'test5_user',0),(123,'test5_user',0),(123,'test5_user',0),(123,'test5_user',0),(123,'test5_user',0),(123,'test5_user',0),(123,'test5_user',0),(123,'test5_user',0),(123,'test5_user',0),(123,'test5_user',0),(123,'test5_user',0),(123,'test5_user',0),(123,'test5_user',0),(123,'test5_user',0),(123,'test5_user',0),(123,'test5_user',0),(123,'test5_user',0),(123,'test5_user',0),(123,'test5_user',0),(123,'test5_user',0),(123,'test5_user',0),(123,'test5_user',0),(123,'test5_user',0),(123,'test5_user',0),(123,'test5_user',0),(123,'test5_user',0),(123,'test5_user',0),(123,'test5_user',0),(123,'test5_user',0),(123,'test5_user',0),(123,'test5_user',0),(123,'test5_user',0),(123,'test5_user',0),(123,'test5_user',0),(123,'test5_user',0),(123,'test5_user',0),(123,'test5_user',0),(123,'test5_user',0),(123,'test5_user',0),(123,'test5_user',0),(123,'test5_user',0),(123,'test5_user',0),(123,'test5_user',0),(123,'test5_user',0),(123,'test5_user',0),(123,'test5_user',0),(123,'test5_user',0),(123,'test5_user',0),(123,'test5_user',0),(123,'test5_user',0),(123,'test5_user',0),(123,'test5_user',0),(123,'test5_user',0),(123,'test5_user',0),(123,'test5_user',0),(123,'test5_user',0),(123,'test5_user',0),(123,'test5_user',0),(123,'test5_user',0),(123,'test5_user',0),(123,'test5_user',0),(123,'test5_user',0),(123,'test5_user',0),(123,'test5_user',0),(123,'test5_user',0),(123,'test5_user',0),(123,'test5_user',0),(123,'test5_user',0),(123,'test5_user',0),(123,'test5_user',0),(123,'test5_user',0),(123,'test5_user',0),(123,'test5_user',0),(123,'test5_user',0),(123,'test5_user',0),(123,'test5_user',0),(123,'test5_user',0),(123,'test5_user',0),(123,'test5_user',0),(123,'test5_user',0),(123,'test5_user',0),(123,'test5_user',0),(123,'test5_user',0),(123,'test5_user',0),(123,'test5_user',0),(123,'test5_user',0),(123,'test5_user',0),(123,'test5_user',0),(123,'test5_user',0),(123,'test5_user',0),(123,'test5_user',0),(123,'test5_user',0),(123,'test5_user',0),(123,'test5_user',0),(123,'test5_user',0),(123,'test5_user',0),(123,'test5_user',0),(123,'test5_user',0),(123,'test5_user',0),(123,'test5_user',0),(123,'test5_user',0),(123,'test5_user',0),(123,'test5_user',0),(123,'test5_user',0),(123,'test5_user',0),(123,'test5_user',0),(123,'test5_user',0),(123,'test5_user',0),(123,'test5_user',0),(123,'test5_user',0),(123,'test5_user',0),(123,'test5_user',0),(123,'test5_user',0),(123,'test5_user',0),(123,'test5_user',0),(123,'test5_user',0),(123,'test5_user',0),(123,'test5_user',0),(123,'test5_user',0),(123,'test5_user',0),(123,'test5_user',0),(123,'test5_user',0),(123,'test5_user',0),(123,'test5_user',0),(123,'test5_user',0),(123,'test5_user',0),(123,'test5_user',0),(123,'test5_user',0),(123,'test5_user',0),(123,'test5_user',0),(123,'test5_user',0),(123,'test5_user',0),(123,'test5_user',0),(123,'test5_user',0),(123,'test5_user',0),(123,'test5_user',0),(123,'test5_user',0),(123,'test5_user',0),(123,'test5_user',0),(123,'test5_user',0),(123,'test5_user',0),(123,'test5_user',0),(123,'test5_user',0),(123,'test5_user',0),(123,'test5_user',0),(123,'test5_user',0),(123,'test5_user',0),(123,'test5_user',0),(123,'test5_user',0),(123,'test5_user',0),(123,'test5_user',0),(123,'test5_user',0),(123,'test5_user',0),(123,'test5_user',0),(123,'test5_user',0),(123,'test5_user',0),(123,'test5_user',0),(123,'test5_user',0),(123,'test5_user',0),(123,'test5_user',0),(123,'test5_user',0),(123,'test5_user',0),(123,'test5_user',0),(123,'test5_user',0),(123,'test5_user',0),(123,'test5_user',0),(123,'test5_user',0),(123,'test5_user',0),(123,'test5_user',0),(123,'test5_user',0),(123,'test5_user',0),(123,'test5_user',0),(123,'test5_user',0),(123,'test5_user',0),(123,'test5_user',0),(123,'test5_user',0),(123,'test5_user',0),(123,'test5_user',0),(123,'test5_user',0),(123,'test5_user',0),(123,'test5_user',0),(123,'test5_user',0),(123,'test5_user',0),(123,'test5_user',0),(123,'test5_user',0),(123,'test5_user',0),(123,'test5_user',0),(123,'test5_user',0),(123,'test5_user',0),(123,'test5_user',0),(123,'test5_user',0),(123,'test5_user',0),(123,'test5_user',0),(123,'test5_user',0),(123,'test5_user',0),(123,'test5_user',0),(123,'test5_user',0),(123,'test5_user',0),(123,'test5_user',0),(123,'test5_user',0),(123,'test5_user',0),(123,'test5_user',0),(123,'test5_user',0),(123,'test5_user',0),(123,'test5_user',0),(123,'test5_user',0),(123,'test5_user',0),(123,'test5_user',0),(123,'test5_user',0),(123,'test5_user',0),(123,'test5_user',0),(123,'test5_user',0),(123,'test5_user',0),(123,'test5_user',0),(123,'test5_user',0),(123,'test5_user',0),(123,'test5_user',0),(123,'test5_user',0),(123,'test5_user',0),(123,'test5_user',0),(123,'test5_user',0),(123,'test5_user',0),(123,'test5_user',0),(123,'test5_user',0),(123,'test5_user',0),(123,'test5_user',0),(123,'test5_user',0),(123,'test5_user',0),(123,'test5_user',0),(123,'test5_user',0),(123,'test5_user',0),(123,'test5_user',0),(123,'test5_user',0),(123,'test5_user',0),(123,'test5_user',0),(123,'test5_user',0),(123,'test5_user',0),(123,'test5_user',0),(123,'test5_user',0),(123,'test5_user',0),(123,'test5_user',0),(123,'test5_user',0),(123,'test5_user',0),(123,'test5_user',0),(123,'test5_user',0),(123,'test5_user',0),(123,'test5_user',0),(123,'test5_user',0),(123,'test5_user',0),(123,'test5_user',0),(123,'test5_user',0),(123,'test5_user',0),(123,'test5_user',0),(123,'test5_user',0),(123,'test5_user',0),(123,'test5_user',0),(123,'test5_user',0),(123,'test5_user',0),(123,'test5_user',0),(123,'test5_user',0),(123,'test5_user',0),(123,'test5_user',0),(123,'test5_user',0),(123,'test5_user',0),(123,'test5_user',0),(123,'test5_user',0),(123,'test5_user',0),(123,'test5_user',0),(123,'test5_user',0),(123,'test5_user',0),(123,'test5_user',0),(123,'test5_user',0),(123,'test5_user',0),(123,'test5_user',0),(123,'test5_user',0),(123,'test5_user',0),(123,'test5_user',0),(123,'test5_user',0),(123,'test5_user',0),(123,'test5_user',0),(123,'test5_user',0),(123,'test5_user',0),(123,'test5_user',0),(123,'test5_user',0),(123,'test5_user',0),(123,'test5_user',0),(123,'test5_user',0),(123,'test5_user',0),(123,'test5_user',0),(123,'test5_user',0),(123,'test5_user',0),(123,'test5_user',0),(123,'test5_user',0),(123,'test5_user',0),(123,'test5_user',0),(123,'test5_user',0),(123,'test5_user',0),(123,'test5_user',0),(123,'test5_user',0),(123,'test5_user',0),(123,'test5_user',0),(123,'test5_user',0),(123,'test5_user',0),(123,'test5_user',0),(123,'test5_user',0),(123,'test5_user',0),(123,'test5_user',0),(123,'test5_user',0),(123,'test5_user',0),(123,'test5_user',0),(123,'test5_user',0),(123,'test5_user',0),(123,'test5_user',0),(123,'test5_user',0),(123,'test5_user',0),(123,'test5_user',0),(123,'test5_user',0),(123,'test5_user',0),(123,'test5_user',0),(123,'test5_user',0),(123,'test5_user',0),(123,'test5_user',0),(123,'test5_user',0),(123,'test5_user',0),(123,'test5_user',0),(123,'test5_user',0),(123,'test5_user',0),(123,'test5_user',0),(123,'test5_user',0),(123,'test5_user',0),(123,'test5_user',0),(123,'test5_user',0),(123,'test5_user',0),(123,'test5_user',0),(123,'test5_user',0),(123,'test5_user',0),(123,'test5_user',0),(123,'test5_user',0),(123,'test5_user',0),(123,'test5_user',0),(123,'test5_user',0),(123,'test5_user',0),(123,'test5_user',0),(123,'test5_user',0),(123,'test5_user',0),(123,'test5_user',0),(123,'test5_user',0),(123,'test5_user',0),(123,'test5_user',0),(123,'test5_user',0),(123,'test5_user',0),(123,'test5_user',0),(123,'test5_user',0),(123,'test5_user',0),(123,'test5_user',0),(123,'test5_user',0),(123,'test5_user',0),(123,'test5_user',0),(123,'test5_user',0),(123,'test5_user',0),(123,'test5_user',0),(123,'test5_user',0),(123,'test5_user',0),(123,'test5_user',0),(123,'test5_user',0),(123,'test5_user',0),(123,'test5_user',0),(123,'test5_user',0),(123,'test5_user',0),(123,'test5_user',0),(123,'test5_user',0),(123,'test5_user',0),(123,'test5_user',0),(123,'test5_user',0),(123,'test5_user',0),(123,'test5_user',0),(123,'test5_user',0),(123,'test5_user',0),(123,'test5_user',0),(123,'test5_user',0),(123,'test5_user',0),(123,'test5_user',0),(123,'test5_user',0),(123,'test5_user',0),(123,'test5_user',0),(123,'test5_user',0),(123,'test5_user',0),(123,'test5_user',0),(123,'test5_user',0),(123,'test5_user',0),(123,'test5_user',0),(123,'test5_user',0),(123,'test5_user',0),(123,'test5_user',0),(123,'test5_user',0),(123,'test5_user',0),(123,'test5_user',0),(123,'test5_user',0),(123,'test5_user',0),(123,'test5_user',0),(123,'test5_user',0),(123,'test5_user',0),(123,'test5_user',0),(123,'test5_user',0),(123,'test5_user',0),(123,'test5_user',0),(123,'test5_user',0),(123,'test5_user',0),(123,'test5_user',0),(123,'test5_user',0),(123,'test5_user',0),(123,'test5_user',0),(123,'test5_user',0),(123,'test5_user',0),(123,'test5_user',0),(123,'test5_user',0),(123,'test5_user',0),(123,'test5_user',0),(123,'test5_user',0),(123,'test5_user',0),(123,'test5_user',0),(123,'test5_user',0),(123,'test5_user',0),(123,'test5_user',0),(123,'test5_user',0),(123,'test5_user',0),(123,'test5_user',0),(123,'test5_user',0),(123,'test5_user',0),(123,'test5_user',0),(123,'test5_user',0),(123,'test5_user',0),(123,'test5_user',0),(123,'test5_user',0),(123,'test5_user',0),(123,'test5_user',0),(123,'test5_user',0),(123,'test5_user',0),(123,'test5_user',0),(123,'test5_user',0),(123,'test5_user',0),(123,'test5_user',0),(123,'test5_user',0),(123,'test5_user',0),(123,'test5_user',0),(123,'test5_user',0),(123,'test5_user',0),(123,'test5_user',0),(123,'test5_user',0),(123,'test5_user',0),(123,'test5_user',0),(123,'test5_user',0),(123,'test5_user',0),(123,'test5_user',0),(123,'test5_user',0),(123,'test5_user',0),(123,'test5_user',0),(123,'test5_user',0),(123,'test5_user',0),(123,'test5_user',0),(123,'test5_user',0),(123,'test5_user',0),(123,'test5_user',0),(123,'test5_user',0),(123,'test5_user',0),(123,'test5_user',0),(123,'test5_user',0),(123,'test5_user',0),(123,'test5_user',0),(123,'test5_user',0),(123,'test5_user',0),(123,'test5_user',0),(123,'test5_user',0),(123,'test5_user',0),(123,'test5_user',0),(123,'test5_user',0),(123,'test5_user',0),(123,'test5_user',0),(123,'test5_user',0),(123,'test5_user',0),(123,'test5_user',0),(123,'test5_user',0),(123,'test5_user',0),(123,'test5_user',0),(123,'test5_user',0),(123,'test5_user',0),(123,'test5_user',0),(123,'test5_user',0),(123,'test5_user',0),(123,'test5_user',0),(123,'test5_user',0),(123,'test5_user',0),(123,'test5_user',0),(123,'test5_user',0),(123,'test5_user',0),(123,'test5_user',0),(123,'test5_user',0),(123,'test5_user',0),(123,'test5_user',0),(123,'test5_user',0),(123,'test5_user',0),(123,'test5_user',0),(123,'test5_user',0),(123,'test5_user',0),(123,'test5_user',0),(123,'test5_user',0),(123,'test5_user',0),(123,'test5_user',0),(123,'test5_user',0),(123,'test5_user',0),(123,'test5_user',0),(123,'test5_user',0),(123,'test5_user',0),(123,'test5_user',0),(123,'test5_user',0),(123,'test5_user',0),(123,'test5_user',0),(123,'test5_user',0),(123,'test5_user',0),(123,'test5_user',0),(123,'test5_user',0),(123,'test5_user',0),(123,'test5_user',0),(123,'test5_user',0),(123,'test5_user',0),(123,'test5_user',0),(123,'test5_user',0),(123,'test5_user',0),(123,'test5_user',0),(123,'test5_user',0),(123,'test5_user',0),(123,'test5_user',0),(124,'ayushmandey',0),(124,'ayushmandey',0),(124,'ayushmandey',0),(124,'ayushmandey',0),(124,'ayushmandey',0),(124,'ayushmandey',0),(124,'ayushmandey',0),(124,'ayushmandey',0),(124,'ayushmandey',0),(124,'ayushmandey',0),(124,'ayushmandey',0),(124,'ayushmandey',0),(124,'ayushmandey',0),(124,'ayushmandey',0),(124,'ayushmandey',0),(124,'ayushmandey',0),(124,'ayushmandey',0),(124,'ayushmandey',0),(124,'ayushmandey',0),(124,'ayushmandey',0),(124,'ayushmandey',0),(124,'ayushmandey',0),(124,'ayushmandey',0),(124,'ayushmandey',0),(124,'ayushmandey',0),(124,'ayushmandey',0),(124,'ayushmandey',0),(124,'ayushmandey',0),(124,'ayushmandey',0),(124,'ayushmandey',0),(124,'ayushmandey',0),(124,'ayushmandey',0),(124,'ayushmandey',0),(124,'ayushmandey',0),(124,'ayushmandey',0),(124,'ayushmandey',0),(124,'ayushmandey',0),(124,'ayushmandey',0),(124,'ayushmandey',0),(124,'ayushmandey',0),(124,'ayushmandey',0),(124,'ayushmandey',0),(124,'ayushmandey',0),(124,'ayushmandey',0),(124,'ayushmandey',0),(124,'ayushmandey',0),(124,'ayushmandey',0),(124,'ayushmandey',0),(124,'ayushmandey',0),(124,'ayushmandey',0),(124,'ayushmandey',0),(124,'ayushmandey',0),(124,'ayushmandey',0),(124,'ayushmandey',0),(124,'ayushmandey',0),(124,'ayushmandey',0),(124,'ayushmandey',0),(124,'ayushmandey',0),(124,'ayushmandey',0),(124,'ayushmandey',0),(124,'ayushmandey',0),(124,'ayushmandey',0),(124,'ayushmandey',0),(124,'ayushmandey',0),(124,'ayushmandey',0),(124,'ayushmandey',0),(124,'ayushmandey',0),(124,'ayushmandey',0),(124,'ayushmandey',0),(124,'ayushmandey',0),(124,'ayushmandey',0),(124,'ayushmandey',0),(124,'ayushmandey',0),(124,'ayushmandey',0),(124,'ayushmandey',0),(124,'ayushmandey',0),(124,'ayushmandey',0),(124,'ayushmandey',0),(124,'ayushmandey',0),(124,'ayushmandey',0),(124,'ayushmandey',0),(124,'ayushmandey',0),(124,'ayushmandey',0),(124,'ayushmandey',0),(124,'ayushmandey',0),(124,'ayushmandey',0),(124,'ayushmandey',0),(124,'ayushmandey',0),(124,'ayushmandey',0),(124,'ayushmandey',0),(124,'ayushmandey',0),(124,'ayushmandey',0),(124,'ayushmandey',0),(124,'ayushmandey',0),(124,'ayushmandey',0),(124,'ayushmandey',0),(124,'ayushmandey',0),(124,'ayushmandey',0),(124,'ayushmandey',0),(124,'ayushmandey',0),(124,'ayushmandey',0),(124,'ayushmandey',0),(124,'ayushmandey',0),(124,'ayushmandey',0),(124,'ayushmandey',0),(124,'ayushmandey',0),(124,'ayushmandey',0),(124,'ayushmandey',0),(124,'ayushmandey',0),(124,'ayushmandey',0),(124,'ayushmandey',0),(124,'ayushmandey',0),(124,'ayushmandey',0),(124,'ayushmandey',0),(124,'ayushmandey',0),(124,'ayushmandey',0),(124,'ayushmandey',0),(124,'ayushmandey',0),(124,'ayushmandey',0),(124,'ayushmandey',0),(124,'ayushmandey',0),(124,'ayushmandey',0),(124,'ayushmandey',0),(124,'ayushmandey',0),(124,'ayushmandey',0),(124,'ayushmandey',0),(124,'ayushmandey',0),(124,'ayushmandey',0),(124,'ayushmandey',0),(124,'ayushmandey',0),(124,'ayushmandey',0),(124,'ayushmandey',0),(124,'ayushmandey',0),(124,'ayushmandey',0),(124,'ayushmandey',0),(124,'ayushmandey',0),(124,'ayushmandey',0),(124,'ayushmandey',0),(124,'ayushmandey',0),(124,'ayushmandey',0),(124,'ayushmandey',0),(124,'ayushmandey',0),(124,'ayushmandey',0),(124,'ayushmandey',0),(124,'ayushmandey',0),(124,'ayushmandey',0),(124,'ayushmandey',0),(124,'ayushmandey',0),(124,'ayushmandey',0),(124,'ayushmandey',0),(124,'ayushmandey',0),(124,'ayushmandey',0),(124,'ayushmandey',0),(124,'ayushmandey',0),(124,'ayushmandey',0),(124,'ayushmandey',0),(124,'ayushmandey',0),(124,'ayushmandey',0),(124,'ayushmandey',0),(124,'ayushmandey',0),(124,'ayushmandey',0),(124,'ayushmandey',0),(124,'ayushmandey',0),(124,'ayushmandey',0),(124,'ayushmandey',0),(124,'ayushmandey',0),(124,'ayushmandey',0),(124,'ayushmandey',0),(124,'ayushmandey',0),(124,'ayushmandey',0),(124,'ayushmandey',0),(124,'ayushmandey',0),(124,'ayushmandey',0),(124,'ayushmandey',0),(124,'ayushmandey',0),(124,'ayushmandey',0),(124,'ayushmandey',0),(124,'ayushmandey',0),(124,'ayushmandey',0),(124,'ayushmandey',0),(124,'ayushmandey',0),(124,'ayushmandey',0),(124,'ayushmandey',0),(124,'ayushmandey',0),(124,'ayushmandey',0),(124,'ayushmandey',0),(124,'ayushmandey',0),(124,'ayushmandey',0),(124,'ayushmandey',0),(124,'ayushmandey',0),(124,'ayushmandey',0),(124,'ayushmandey',0),(124,'ayushmandey',0),(124,'ayushmandey',0),(124,'ayushmandey',0),(124,'ayushmandey',0),(124,'ayushmandey',0),(124,'ayushmandey',0),(124,'ayushmandey',0),(124,'ayushmandey',0),(124,'ayushmandey',0),(124,'ayushmandey',0),(124,'ayushmandey',0),(124,'ayushmandey',0),(124,'ayushmandey',0),(124,'ayushmandey',0),(124,'ayushmandey',0),(124,'ayushmandey',0),(124,'ayushmandey',0),(124,'ayushmandey',0),(124,'ayushmandey',0),(124,'ayushmandey',0),(124,'ayushmandey',0),(124,'ayushmandey',0),(124,'ayushmandey',0),(124,'ayushmandey',0),(124,'ayushmandey',0),(124,'ayushmandey',0),(124,'ayushmandey',0),(124,'ayushmandey',0),(124,'ayushmandey',0),(124,'ayushmandey',0),(124,'ayushmandey',0),(124,'ayushmandey',0),(124,'ayushmandey',0),(124,'ayushmandey',0),(124,'ayushmandey',0),(124,'ayushmandey',0),(124,'ayushmandey',0),(124,'ayushmandey',0),(124,'ayushmandey',0),(124,'ayushmandey',0),(124,'ayushmandey',0),(124,'ayushmandey',0),(124,'ayushmandey',0),(124,'ayushmandey',0),(124,'ayushmandey',0),(124,'ayushmandey',0),(124,'ayushmandey',0),(124,'ayushmandey',0),(124,'ayushmandey',0),(124,'ayushmandey',0),(124,'ayushmandey',0),(124,'ayushmandey',0),(124,'ayushmandey',0),(124,'ayushmandey',0),(124,'ayushmandey',0),(124,'ayushmandey',0),(124,'ayushmandey',0),(124,'ayushmandey',0),(124,'ayushmandey',0),(124,'ayushmandey',0),(124,'ayushmandey',0),(124,'ayushmandey',0),(124,'ayushmandey',0),(124,'ayushmandey',0),(124,'ayushmandey',0),(124,'ayushmandey',0),(124,'ayushmandey',0),(124,'ayushmandey',0),(124,'ayushmandey',0),(124,'ayushmandey',0),(124,'ayushmandey',0),(124,'ayushmandey',0),(124,'ayushmandey',0),(124,'ayushmandey',0),(124,'ayushmandey',0),(124,'ayushmandey',0),(124,'ayushmandey',0),(124,'ayushmandey',0),(124,'ayushmandey',0),(124,'ayushmandey',0),(124,'ayushmandey',0),(124,'ayushmandey',0),(124,'ayushmandey',0),(124,'ayushmandey',0),(124,'ayushmandey',0),(124,'ayushmandey',0),(124,'ayushmandey',0),(124,'ayushmandey',0),(124,'ayushmandey',0),(124,'ayushmandey',0),(124,'ayushmandey',0),(124,'ayushmandey',0),(124,'ayushmandey',0),(124,'ayushmandey',0),(124,'ayushmandey',0),(124,'ayushmandey',0),(124,'ayushmandey',0),(124,'ayushmandey',0),(124,'ayushmandey',0),(124,'ayushmandey',0),(124,'ayushmandey',0),(124,'ayushmandey',0),(124,'ayushmandey',0),(124,'ayushmandey',0),(124,'ayushmandey',0),(124,'ayushmandey',0),(124,'ayushmandey',0),(124,'ayushmandey',0),(124,'ayushmandey',0),(124,'ayushmandey',0),(124,'ayushmandey',0),(124,'ayushmandey',0),(124,'ayushmandey',0),(124,'ayushmandey',0),(124,'ayushmandey',0),(124,'ayushmandey',0),(124,'ayushmandey',0),(124,'ayushmandey',0),(124,'ayushmandey',0),(124,'ayushmandey',0),(124,'ayushmandey',0),(124,'ayushmandey',0),(124,'ayushmandey',0),(124,'ayushmandey',0),(124,'ayushmandey',0),(124,'ayushmandey',0),(124,'ayushmandey',0),(124,'ayushmandey',0),(124,'ayushmandey',0),(124,'ayushmandey',0),(124,'ayushmandey',0),(124,'ayushmandey',0),(124,'ayushmandey',0),(124,'ayushmandey',0),(124,'ayushmandey',0),(124,'ayushmandey',0),(124,'ayushmandey',0),(124,'ayushmandey',0),(124,'ayushmandey',0),(124,'ayushmandey',0),(124,'ayushmandey',0),(124,'ayushmandey',0),(124,'ayushmandey',0),(124,'ayushmandey',0),(124,'ayushmandey',0),(124,'ayushmandey',0),(124,'ayushmandey',0),(124,'ayushmandey',0),(124,'ayushmandey',0),(124,'ayushmandey',0),(124,'ayushmandey',0),(124,'ayushmandey',0),(124,'ayushmandey',0),(124,'ayushmandey',0),(124,'ayushmandey',0),(124,'ayushmandey',0),(124,'ayushmandey',0),(124,'ayushmandey',0),(124,'ayushmandey',0),(124,'ayushmandey',0),(124,'ayushmandey',0),(124,'ayushmandey',0),(124,'ayushmandey',0),(124,'ayushmandey',0),(124,'ayushmandey',0),(124,'ayushmandey',0),(124,'ayushmandey',0),(124,'ayushmandey',0),(124,'ayushmandey',0),(124,'ayushmandey',0),(124,'ayushmandey',0),(124,'ayushmandey',0),(124,'ayushmandey',0),(124,'ayushmandey',0),(124,'ayushmandey',0),(124,'ayushmandey',0),(124,'ayushmandey',0),(124,'ayushmandey',0),(124,'ayushmandey',0),(124,'ayushmandey',0),(124,'ayushmandey',0),(124,'ayushmandey',0),(124,'ayushmandey',0),(124,'ayushmandey',0),(124,'ayushmandey',0),(124,'ayushmandey',0),(124,'ayushmandey',0),(124,'ayushmandey',0),(124,'ayushmandey',0),(124,'ayushmandey',0),(124,'ayushmandey',0),(124,'ayushmandey',0),(124,'ayushmandey',0),(124,'ayushmandey',0),(124,'ayushmandey',0),(124,'ayushmandey',0),(124,'ayushmandey',0),(124,'ayushmandey',0),(124,'ayushmandey',0),(124,'ayushmandey',0),(124,'ayushmandey',0),(124,'ayushmandey',0),(124,'ayushmandey',0),(124,'ayushmandey',0),(124,'ayushmandey',0),(124,'ayushmandey',0),(124,'ayushmandey',0),(124,'ayushmandey',0),(124,'ayushmandey',0),(124,'ayushmandey',0),(124,'ayushmandey',0),(124,'ayushmandey',0),(124,'ayushmandey',0),(124,'ayushmandey',0),(124,'ayushmandey',0),(124,'ayushmandey',0),(124,'ayushmandey',0),(124,'ayushmandey',0),(124,'ayushmandey',0),(124,'ayushmandey',0),(124,'ayushmandey',0),(124,'ayushmandey',0),(124,'ayushmandey',0),(124,'ayushmandey',0),(124,'ayushmandey',0),(124,'ayushmandey',0),(124,'ayushmandey',0),(124,'ayushmandey',0),(124,'ayushmandey',0),(124,'ayushmandey',0),(124,'ayushmandey',0),(124,'ayushmandey',0),(124,'ayushmandey',0),(124,'ayushmandey',0),(124,'ayushmandey',0),(124,'ayushmandey',0),(124,'ayushmandey',0),(124,'ayushmandey',0),(124,'ayushmandey',0),(124,'ayushmandey',0),(124,'ayushmandey',0),(124,'ayushmandey',0),(124,'ayushmandey',0),(124,'ayushmandey',0),(124,'ayushmandey',0),(124,'ayushmandey',0),(124,'ayushmandey',0),(124,'ayushmandey',0),(124,'ayushmandey',0),(124,'ayushmandey',0),(124,'ayushmandey',0),(124,'ayushmandey',0),(124,'ayushmandey',0),(124,'ayushmandey',0),(124,'ayushmandey',0),(124,'ayushmandey',0),(124,'ayushmandey',0),(124,'ayushmandey',0),(124,'ayushmandey',0),(124,'ayushmandey',0),(124,'ayushmandey',0),(124,'ayushmandey',0),(124,'ayushmandey',0),(124,'ayushmandey',0),(124,'ayushmandey',0),(124,'ayushmandey',0),(124,'ayushmandey',0),(124,'ayushmandey',0),(124,'ayushmandey',0),(124,'ayushmandey',0),(124,'ayushmandey',0),(124,'ayushmandey',0),(124,'ayushmandey',0),(124,'ayushmandey',0),(124,'ayushmandey',0),(124,'ayushmandey',0),(124,'ayushmandey',0),(124,'ayushmandey',0),(124,'ayushmandey',0),(124,'ayushmandey',0),(124,'ayushmandey',0),(124,'ayushmandey',0),(124,'ayushmandey',0),(124,'ayushmandey',0),(124,'ayushmandey',0),(124,'ayushmandey',0),(124,'ayushmandey',0),(124,'ayushmandey',0),(124,'ayushmandey',0),(124,'ayushmandey',0),(124,'ayushmandey',0),(124,'ayushmandey',0),(124,'ayushmandey',0),(124,'ayushmandey',0),(124,'ayushmandey',0),(124,'ayushmandey',0),(124,'ayushmandey',0),(124,'ayushmandey',0),(124,'ayushmandey',0),(124,'ayushmandey',0),(124,'ayushmandey',0),(124,'ayushmandey',0),(124,'ayushmandey',0),(124,'ayushmandey',0),(124,'ayushmandey',0),(124,'ayushmandey',0),(124,'ayushmandey',0),(124,'ayushmandey',0),(124,'ayushmandey',0),(124,'ayushmandey',0),(124,'ayushmandey',0),(124,'ayushmandey',0),(124,'ayushmandey',0),(124,'ayushmandey',0),(124,'ayushmandey',0),(124,'ayushmandey',0),(124,'ayushmandey',0),(124,'ayushmandey',0),(124,'ayushmandey',0),(124,'ayushmandey',0),(124,'ayushmandey',0),(124,'ayushmandey',0),(124,'ayushmandey',0),(124,'ayushmandey',0),(124,'ayushmandey',0),(124,'ayushmandey',0),(124,'ayushmandey',0),(124,'ayushmandey',0),(124,'ayushmandey',0),(124,'ayushmandey',0),(124,'ayushmandey',0),(124,'ayushmandey',0),(124,'ayushmandey',0),(124,'ayushmandey',0),(124,'ayushmandey',0),(124,'ayushmandey',0),(124,'ayushmandey',0),(124,'ayushmandey',0),(124,'ayushmandey',0),(124,'ayushmandey',0),(124,'ayushmandey',0),(124,'ayushmandey',0),(124,'ayushmandey',0),(124,'ayushmandey',0),(124,'ayushmandey',0),(124,'ayushmandey',0),(124,'ayushmandey',0),(124,'ayushmandey',0),(124,'ayushmandey',0),(124,'ayushmandey',0),(124,'ayushmandey',0),(124,'ayushmandey',0),(124,'ayushmandey',0),(124,'ayushmandey',0),(124,'ayushmandey',0),(124,'ayushmandey',0),(124,'ayushmandey',0),(124,'ayushmandey',0),(124,'ayushmandey',0),(124,'ayushmandey',0),(124,'ayushmandey',0),(124,'ayushmandey',0),(124,'ayushmandey',0),(124,'ayushmandey',0),(124,'ayushmandey',0),(124,'ayushmandey',0),(124,'ayushmandey',0),(124,'ayushmandey',0),(124,'ayushmandey',0),(124,'ayushmandey',0),(124,'ayushmandey',0),(124,'ayushmandey',0),(124,'ayushmandey',0),(124,'ayushmandey',0),(124,'ayushmandey',0),(124,'ayushmandey',0),(124,'ayushmandey',0),(124,'ayushmandey',0),(124,'ayushmandey',0),(124,'ayushmandey',0),(124,'ayushmandey',0),(124,'ayushmandey',0),(124,'ayushmandey',0),(124,'ayushmandey',0),(124,'ayushmandey',0),(124,'ayushmandey',0),(124,'ayushmandey',0),(124,'ayushmandey',0),(124,'ayushmandey',0),(124,'ayushmandey',0),(124,'ayushmandey',0),(124,'ayushmandey',0),(124,'ayushmandey',0),(124,'ayushmandey',0),(124,'ayushmandey',0),(124,'ayushmandey',0),(124,'ayushmandey',0),(124,'ayushmandey',0),(124,'ayushmandey',0),(124,'ayushmandey',0),(124,'ayushmandey',0),(124,'ayushmandey',0),(124,'ayushmandey',0),(124,'ayushmandey',0),(124,'ayushmandey',0),(124,'ayushmandey',0),(124,'ayushmandey',0),(124,'ayushmandey',0),(124,'ayushmandey',0),(124,'ayushmandey',0),(124,'ayushmandey',0),(124,'ayushmandey',0),(124,'ayushmandey',0),(124,'ayushmandey',0),(124,'ayushmandey',0),(124,'ayushmandey',0),(124,'ayushmandey',0),(124,'ayushmandey',0),(124,'ayushmandey',0),(124,'ayushmandey',0),(124,'ayushmandey',0),(124,'ayushmandey',0),(124,'ayushmandey',0),(124,'ayushmandey',0),(124,'ayushmandey',0),(124,'ayushmandey',0),(124,'ayushmandey',0),(124,'ayushmandey',0),(124,'ayushmandey',0),(124,'ayushmandey',0),(124,'ayushmandey',0),(124,'ayushmandey',0),(124,'ayushmandey',0),(124,'ayushmandey',0),(124,'ayushmandey',0),(124,'ayushmandey',0),(124,'ayushmandey',0),(124,'ayushmandey',0),(124,'ayushmandey',0),(124,'ayushmandey',0),(124,'ayushmandey',0),(124,'ayushmandey',0),(124,'ayushmandey',0),(124,'ayushmandey',0),(124,'ayushmandey',0),(124,'ayushmandey',0),(124,'ayushmandey',0),(124,'ayushmandey',0),(124,'ayushmandey',0),(124,'ayushmandey',0),(124,'ayushmandey',0),(124,'ayushmandey',0),(124,'ayushmandey',0),(124,'ayushmandey',0),(124,'ayushmandey',0),(124,'ayushmandey',0),(124,'ayushmandey',0),(124,'ayushmandey',0),(124,'ayushmandey',0),(124,'ayushmandey',0),(124,'ayushmandey',0),(124,'ayushmandey',0),(124,'ayushmandey',0),(124,'ayushmandey',0),(124,'ayushmandey',0),(124,'ayushmandey',0),(124,'ayushmandey',0),(124,'ayushmandey',0),(124,'ayushmandey',0),(124,'ayushmandey',0),(124,'ayushmandey',0),(124,'ayushmandey',0),(124,'ayushmandey',0),(124,'ayushmandey',0),(124,'ayushmandey',0),(124,'ayushmandey',0),(124,'ayushmandey',0),(124,'ayushmandey',0),(124,'ayushmandey',0),(124,'ayushmandey',0),(124,'ayushmandey',0),(124,'ayushmandey',0),(124,'ayushmandey',0),(124,'ayushmandey',0),(124,'ayushmandey',0),(124,'ayushmandey',0),(124,'ayushmandey',0),(124,'ayushmandey',0),(124,'ayushmandey',0),(124,'ayushmandey',0),(124,'ayushmandey',0),(124,'ayushmandey',0),(124,'ayushmandey',0),(124,'ayushmandey',0),(124,'ayushmandey',0),(124,'ayushmandey',0),(124,'ayushmandey',0),(124,'ayushmandey',0),(124,'ayushmandey',0),(124,'ayushmandey',0),(124,'ayushmandey',0),(124,'ayushmandey',0),(124,'ayushmandey',0),(124,'ayushmandey',0),(124,'ayushmandey',0),(124,'ayushmandey',0),(124,'ayushmandey',0),(124,'ayushmandey',0),(124,'ayushmandey',0),(124,'ayushmandey',0),(124,'ayushmandey',0),(124,'ayushmandey',0),(124,'ayushmandey',0),(124,'ayushmandey',0),(124,'ayushmandey',0),(124,'ayushmandey',0),(124,'ayushmandey',0),(124,'ayushmandey',0),(124,'ayushmandey',0),(124,'ayushmandey',0),(124,'ayushmandey',0),(124,'ayushmandey',0),(124,'ayushmandey',0),(124,'ayushmandey',0),(124,'ayushmandey',0),(124,'ayushmandey',0),(124,'ayushmandey',0),(124,'ayushmandey',0),(124,'ayushmandey',0),(124,'ayushmandey',0),(124,'ayushmandey',0),(124,'ayushmandey',0),(124,'ayushmandey',0),(124,'ayushmandey',0),(124,'ayushmandey',0),(124,'ayushmandey',0),(124,'ayushmandey',0),(124,'ayushmandey',0),(124,'ayushmandey',0),(124,'ayushmandey',0),(124,'ayushmandey',0),(124,'ayushmandey',0),(124,'ayushmandey',0),(124,'ayushmandey',0),(124,'ayushmandey',0),(124,'ayushmandey',0),(124,'ayushmandey',0),(124,'ayushmandey',0),(124,'ayushmandey',0),(124,'ayushmandey',0),(124,'ayushmandey',0),(124,'ayushmandey',0),(124,'ayushmandey',0),(124,'ayushmandey',0),(124,'ayushmandey',0),(124,'ayushmandey',0),(124,'ayushmandey',0),(124,'ayushmandey',0),(124,'ayushmandey',0),(124,'ayushmandey',0),(124,'ayushmandey',0),(124,'ayushmandey',0),(124,'ayushmandey',0),(124,'ayushmandey',0),(124,'ayushmandey',0),(124,'ayushmandey',0),(124,'ayushmandey',0),(124,'ayushmandey',0),(124,'ayushmandey',0),(124,'ayushmandey',0),(124,'ayushmandey',0),(124,'ayushmandey',0),(124,'ayushmandey',0),(124,'ayushmandey',0),(124,'ayushmandey',0),(124,'ayushmandey',0),(124,'ayushmandey',0),(124,'ayushmandey',0),(124,'ayushmandey',0),(124,'ayushmandey',0),(124,'ayushmandey',0),(124,'ayushmandey',0),(124,'ayushmandey',0),(124,'ayushmandey',0),(124,'ayushmandey',0),(124,'ayushmandey',0),(124,'ayushmandey',0),(124,'ayushmandey',0),(124,'ayushmandey',0),(124,'ayushmandey',0),(124,'ayushmandey',0),(124,'ayushmandey',0),(124,'ayushmandey',0),(124,'ayushmandey',0),(124,'ayushmandey',0),(124,'ayushmandey',0),(124,'ayushmandey',0),(124,'ayushmandey',0),(124,'ayushmandey',0),(124,'ayushmandey',0),(124,'ayushmandey',0),(124,'ayushmandey',0),(124,'ayushmandey',0),(124,'ayushmandey',0),(124,'ayushmandey',0),(124,'ayushmandey',0),(124,'ayushmandey',0),(124,'ayushmandey',0),(124,'ayushmandey',0),(124,'ayushmandey',0),(124,'ayushmandey',0),(124,'ayushmandey',0),(124,'ayushmandey',0),(124,'ayushmandey',0),(124,'ayushmandey',0),(124,'ayushmandey',0),(124,'ayushmandey',0),(124,'ayushmandey',0),(124,'ayushmandey',0),(124,'ayushmandey',0),(124,'ayushmandey',0),(124,'ayushmandey',0),(124,'ayushmandey',0),(124,'ayushmandey',0),(124,'ayushmandey',0),(124,'ayushmandey',0),(124,'ayushmandey',0),(124,'ayushmandey',0),(124,'ayushmandey',0),(124,'ayushmandey',0),(124,'ayushmandey',0),(124,'ayushmandey',0),(124,'ayushmandey',0),(124,'ayushmandey',0),(124,'ayushmandey',0),(124,'ayushmandey',0),(124,'ayushmandey',0),(124,'ayushmandey',0),(124,'ayushmandey',0),(124,'ayushmandey',0),(124,'ayushmandey',0),(124,'ayushmandey',0),(124,'ayushmandey',0),(124,'ayushmandey',0),(124,'ayushmandey',0),(124,'ayushmandey',0),(124,'ayushmandey',0),(124,'ayushmandey',0),(124,'ayushmandey',0),(124,'ayushmandey',0),(124,'ayushmandey',0),(124,'ayushmandey',0),(124,'ayushmandey',0),(124,'ayushmandey',0),(124,'ayushmandey',0),(124,'ayushmandey',0),(124,'ayushmandey',0),(124,'ayushmandey',0),(124,'ayushmandey',0),(124,'ayushmandey',0),(124,'ayushmandey',0),(124,'ayushmandey',0),(124,'ayushmandey',0),(124,'ayushmandey',0),(124,'ayushmandey',0),(124,'ayushmandey',0),(124,'ayushmandey',0),(124,'ayushmandey',0),(124,'ayushmandey',0),(124,'ayushmandey',0),(124,'ayushmandey',0),(124,'ayushmandey',0),(124,'ayushmandey',0),(124,'ayushmandey',0),(124,'ayushmandey',0),(124,'ayushmandey',0),(124,'ayushmandey',0),(124,'ayushmandey',0),(124,'ayushmandey',0),(124,'ayushmandey',0),(124,'ayushmandey',0),(124,'ayushmandey',0),(124,'ayushmandey',0),(124,'ayushmandey',0),(124,'ayushmandey',0),(124,'ayushmandey',0),(124,'ayushmandey',0),(124,'ayushmandey',0),(124,'ayushmandey',0),(124,'ayushmandey',0),(124,'ayushmandey',0),(124,'ayushmandey',0),(124,'ayushmandey',0),(124,'ayushmandey',0),(124,'ayushmandey',0),(124,'ayushmandey',0),(124,'ayushmandey',0),(124,'ayushmandey',0),(124,'ayushmandey',0),(124,'ayushmandey',0),(124,'ayushmandey',0),(124,'ayushmandey',0),(124,'ayushmandey',0),(124,'ayushmandey',0),(124,'ayushmandey',0),(124,'ayushmandey',0),(124,'ayushmandey',0),(124,'ayushmandey',0),(124,'ayushmandey',0),(124,'ayushmandey',0),(124,'ayushmandey',0),(124,'ayushmandey',0),(124,'ayushmandey',0),(124,'ayushmandey',0),(124,'ayushmandey',0),(124,'ayushmandey',0),(124,'ayushmandey',0),(124,'ayushmandey',0),(124,'ayushmandey',0),(124,'ayushmandey',0),(124,'ayushmandey',0),(124,'ayushmandey',0),(124,'ayushmandey',0),(124,'ayushmandey',0),(124,'ayushmandey',0),(124,'ayushmandey',0),(124,'ayushmandey',0),(124,'ayushmandey',0),(124,'ayushmandey',0),(124,'ayushmandey',0),(124,'ayushmandey',0),(124,'ayushmandey',0),(124,'ayushmandey',0),(124,'ayushmandey',0),(124,'ayushmandey',0),(124,'ayushmandey',0),(124,'ayushmandey',0),(124,'ayushmandey',0),(124,'ayushmandey',0),(124,'ayushmandey',0),(124,'ayushmandey',0),(124,'ayushmandey',0),(124,'ayushmandey',0),(124,'ayushmandey',0),(124,'ayushmandey',0),(124,'ayushmandey',0),(124,'ayushmandey',0),(124,'ayushmandey',0),(124,'ayushmandey',0),(124,'ayushmandey',0),(124,'ayushmandey',0),(124,'ayushmandey',0),(124,'ayushmandey',0),(124,'ayushmandey',0),(124,'ayushmandey',0),(124,'ayushmandey',0),(124,'ayushmandey',0),(124,'ayushmandey',0),(124,'ayushmandey',0),(124,'ayushmandey',0),(124,'ayushmandey',0),(124,'ayushmandey',0),(124,'ayushmandey',0),(124,'ayushmandey',0),(124,'ayushmandey',0),(125,'dheeraj',100),(125,'ayushman',100),(126,'dheeraj',100),(126,'ayushman',100),(127,'dheeraj',100),(127,'ayushman',100),(128,'dheeraj',100),(128,'ayushman',100),(129,'dheeraj',100),(129,'ayushman',100),(130,'dheeraj',100),(130,'ayushman',100),(131,'ayushman',200),(131,'dheeraj',200);
/*!40000 ALTER TABLE `bill_spenders` ENABLE KEYS */;
UNLOCK TABLES;

--
-- Table structure for table `debt`
--

DROP TABLE IF EXISTS `debt`;
/*!40101 SET @saved_cs_client     = @@character_set_client */;
/*!40101 SET character_set_client = utf8 */;
CREATE TABLE `debt` (
  `sender` varchar(55) NOT NULL,
  `receiver` varchar(55) NOT NULL,
  `amount` int(11) DEFAULT NULL
) ENGINE=InnoDB DEFAULT CHARSET=latin1;
/*!40101 SET character_set_client = @saved_cs_client */;

--
-- Dumping data for table `debt`
--

LOCK TABLES `debt` WRITE;
/*!40000 ALTER TABLE `debt` DISABLE KEYS */;
INSERT INTO `debt` VALUES ('dheeraj','raghu',1699),('dheeraj','ayushman',1066),('test5_user','raghu',0),('ayushmandey','dheeraj',0),('ayushman','raghu',100);
/*!40000 ALTER TABLE `debt` ENABLE KEYS */;
UNLOCK TABLES;

--
-- Table structure for table `friends`
--

DROP TABLE IF EXISTS `friends`;
/*!40101 SET @saved_cs_client     = @@character_set_client */;
/*!40101 SET character_set_client = utf8 */;
CREATE TABLE `friends` (
  `friend1` varchar(50) NOT NULL,
  `friend2` varchar(50) NOT NULL
) ENGINE=InnoDB DEFAULT CHARSET=latin1;
/*!40101 SET character_set_client = @saved_cs_client */;

--
-- Dumping data for table `friends`
--

LOCK TABLES `friends` WRITE;
/*!40000 ALTER TABLE `friends` DISABLE KEYS */;
INSERT INTO `friends` VALUES ('ayushman','raghu'),('raghu','ayushman'),('ayushman','dheeraj'),('dheeraj','ayushman'),('ayushman','test5_user'),('test5_user','ayushman'),('ayushman','testis'),('testis','ayushman'),('raghu','test5_user'),('test5_user','raghu'),('raghu','testis'),('testis','raghu'),('dheeraj','test5_user'),('test5_user','dheeraj'),('dheeraj','testis'),('testis','dheeraj');
/*!40000 ALTER TABLE `friends` ENABLE KEYS */;
UNLOCK TABLES;

--
-- Table structure for table `users`
--

DROP TABLE IF EXISTS `users`;
/*!40101 SET @saved_cs_client     = @@character_set_client */;
/*!40101 SET character_set_client = utf8 */;
CREATE TABLE `users` (
  `name` varchar(50) NOT NULL,
  `username` varchar(40) NOT NULL,
  `email` varchar(40) DEFAULT NULL,
  `password` text NOT NULL,
  PRIMARY KEY (`username`)
) ENGINE=InnoDB DEFAULT CHARSET=latin1;
/*!40101 SET character_set_client = @saved_cs_client */;

--
-- Dumping data for table `users`
--

LOCK TABLES `users` WRITE;
/*!40000 ALTER TABLE `users` DISABLE KEYS */;
INSERT INTO `users` VALUES ('Ayushman','ayushman','ayushman.dey97@gmail.com','$5$rounds=535000$SCDGtszXnE9JZJ0d$vKSZCbWqWKslBu9Ep77HOIxpkIL2TmDEupIielPGDu0'),('dheeraj','dheeraj','dheerajlalwani@gmail.com','$5$rounds=535000$TmXJWnDQiAkDO.TH$oypUQ3oryeiXR35aitctQmi/KlBLnUKNY2gyuzTigt1'),('Raghu Tiwari','raghu','raghutiwari@gmail.com','$5$rounds=535000$xQJsZq6zYHDkZd9V$WQyO.2OHa7sgK5PgA4CsCXkdLi.RvZzCWHFVgeyQwyB'),('test5','test5_user','test5@test.com','$5$rounds=535000$rgZSwY7YE7hXGNuY$wRqmiviGC24RTBXISUtgNfF/XhnjMpBqQxdeX3sY9d8'),('tester','testis','testis@balls.com','$5$rounds=535000$1NC9lN5N3yEtH7gX$NojDjYRb9ahzwftwDrBW.Sm1zWmNKXjRdmQk64/uaj8');
/*!40000 ALTER TABLE `users` ENABLE KEYS */;
UNLOCK TABLES;
/*!40103 SET TIME_ZONE=@OLD_TIME_ZONE */;

/*!40101 SET SQL_MODE=@OLD_SQL_MODE */;
/*!40014 SET FOREIGN_KEY_CHECKS=@OLD_FOREIGN_KEY_CHECKS */;
/*!40014 SET UNIQUE_CHECKS=@OLD_UNIQUE_CHECKS */;
/*!40101 SET CHARACTER_SET_CLIENT=@OLD_CHARACTER_SET_CLIENT */;
/*!40101 SET CHARACTER_SET_RESULTS=@OLD_CHARACTER_SET_RESULTS */;
/*!40101 SET COLLATION_CONNECTION=@OLD_COLLATION_CONNECTION */;
/*!40111 SET SQL_NOTES=@OLD_SQL_NOTES */;

-- Dump completed on 2017-10-31  9:18:25
